STORE,URI,EPC,SKU,SOLDTIMESTAMP,TRANSACTIONTYPE
160,000142162690,3BD0000021E4EC0A8FA6D229,142162690,2022-04-05 13:53:52.424,SALE
160,000122925054,3BD000001D4EBFFA8FA7FB41,122925054,2022-04-05 15:00:32.907,SALE
160,,3BD000001C2B51768FA9A076,118150237,2022-04-05 15:03:56.149,RETURN
160,000139525978,3BD000002143FD6A8FA6D4F1,139525978,2022-04-05 18:51:45.141,SALE
160,000003734367,3BD0000000E3ED7E8FA93020,3734367,2022-04-05 12:13:45.730,SALE
160,000136226014,3BD00000207A937A8FA8D284,136226014,2022-04-05 12:48:57.136,SALE
160,000142500085,3BD0000021F983D68FB4A420,142500085,2022-04-05 12:56:03.304,SALE
160,000142500085,3BD0000021F983D68FB46904,142500085,2022-04-05 13:32:45.811,SALE
160,000142151716,3BD0000021E440928FA6D410,142151716,2022-04-05 13:19:33.789,SALE
160,000139350389,3BD00000213945D68FA6D81A,139350389,2022-04-05 13:32:29.379,SALE
160,000143509244,3BD0000022371BF28FA7304F,143509244,2022-04-05 13:35:52.793,SALE
160,000142500085,3BD0000021F983D68FB4A1D4,142500085,2022-04-05 13:07:56.807,SALE
160,000140275360,3BD000002171BA828FA6D0F1,140275360,2022-04-05 15:23:30.225,SALE
160,000122850276,3BD000001D4A2F928FA6DF4C,122850276,2022-04-05 15:27:40.312,SALE
160,000121800063,3BD000001D0A15FE8FA7CABD,121800063,2022-04-07 13:17:40.352,SALE
160,000136250073,3BD00000207C0B668FA6D54C,136250073,2022-04-06 15:20:26.003,SALE
160,000142155466,3BD0000021E47B2A8FA6D6A4,142155466,2022-04-06 15:55:36.813,SALE
160,000136325912,3BD000002080AC607735BB32,136325912,2022-04-06 11:02:04.562,SALE
160,000142350591,3BD0000021F063FE8FA6D319,142350591,2022-04-06 11:07:53.813,SALE
160,000127776033,3BD000001E76D4868FA6E8B9,127776033,2022-04-06 17:06:46.714,SALE
160,,3BD0000021EA899A8FA6DBB8,142254694,2022-04-06 17:49:16.422,RETURN
160,000127651552,3BD000001E6F3B807735BCB6,127651552,2022-04-06 12:53:36.278,SALE
160,,3BD000001B61E3E28FA8E5C8,114850040,2022-04-06 12:51:30.179,RETURN
160,000142162297,3BD0000021E4E5E68FA6D1F4,142162297,2022-04-07 14:07:14.415,SALE
160,000123600139,3BD000001D77F42E8FA7492B,123600139,2022-04-07 14:12:44.875,SALE
160,000142175419,3BD0000021E5B2EE8FA6D174,142175419,2022-04-05 11:00:09.163,SALE
160,,3BD0000021EEFA568FA6E73A,142327445,2022-04-05 11:36:04.267,RETURN
160,000139600078,3BD000002148833A8FA6DAD5,139600078,2022-04-05 17:34:11.023,SALE
160,000117376352,3BD000001BFC15828FAB38B8,117376352,2022-04-05 18:28:10.266,SALE
160,000142250527,3BD0000021EA487E8FA6DD95,142250527,2022-04-06 18:37:46.969,SALE
160,000136600744,3BD00000209172A28FA6D59A,136600744,2022-04-06 19:15:46.983,SALE
160,000122500037,3BD000001D34CF168FA6FFC9,122500037,2022-04-06 14:13:58.540,SALE
160,000142153570,3BD0000021E45D8A8FA6DD2B,142153570,2022-04-05 12:30:39.771,SALE
160,000136575187,3BD00000208FE34E8FA6DB91,136575187,2022-04-05 12:26:52.373,SALE
160,000142151993,3BD0000021E444E68FA6D824,142151993,2022-04-05 13:34:51.389,SALE
160,000142500085,3BD0000021F983D68FB4A40A,142500085,2022-04-05 14:02:38.457,SALE
160,000123600140,3BD000001D77F4328FA7E1A4,123600140,2022-04-05 14:38:56.898,SALE
160,000114802468,3BD000001B5EFC928FA6DD12,114802468,2022-04-05 14:40:48.539,SALE
160,000142154308,3BD0000021E469128FA6E188,142154308,2022-04-07 16:02:18.791,SALE
160,,3BD000001B5EF3E28FA7BD55,114801912,2022-04-07 16:03:07.781,RETURN
160,000127550851,3BD000001E69160E8FA6E564,127550851,2022-04-06 15:10:09.020,SALE
160,000136303468,3BD00000207F4DB28FA6D6B4,136303468,2022-04-06 15:49:32.935,SALE
160,000139551510,3BD0000021458C5A8FA6F189,139551510,2022-04-06 16:57:47.364,SALE
160,000143509244,3BD0000022371BF28FA73430,143509244,2022-04-06 17:03:58.044,SALE
160,000142500085,3BD0000021F983D68FB46B12,142500085,2022-04-06 17:45:43.552,SALE
160,000140975074,3BD00000219C6F8A8FA6D2EB,140975074,2022-04-06 17:40:57.282,SALE
160,000139551477,3BD0000021458BD68FA6D94D,139551477,2022-04-05 10:33:08.794,SALE
160,000136351980,3BD00000208243B28FA89D4E,136351980,2022-04-07 11:11:51.604,SALE
160,000140625080,3BD00000218712E28FA6DDAD,140625080,2022-04-06 20:06:52.659,SALE
160,000109902006,3BD000001A33E2DA8FA6E995,109902006,2022-04-07 11:02:55.656,SALE
160,,3BD000001D4EC3A28FA78D4C,122925288,2022-04-07 10:52:29.775,RETURN
160,000142162241,3BD0000021E4E5068FA6D256,142162241,2022-04-06 12:31:23.116,SALE
160,000139350381,3BD00000213945B68FA6DAF1,139350381,2022-04-06 13:11:06.712,SALE
160,000127429218,3BD000001E61A98A8FA9FB1C,127429218,2022-04-06 12:07:30.620,SALE
160,000142152287,3BD0000021E4497E8FA6D5EE,142152287,2022-04-05 20:38:10.409,SALE
160,000142162166,3BD0000021E4E3DA8FA6D4F1,142162166,2022-04-05 10:51:00.284,SALE
160,000142175372,3BD0000021E5B2328FA6D17B,142175372,2022-04-05 10:57:56.072,SALE
160,000142152101,3BD0000021E446968FA6DA6C,142152101,2022-04-07 14:05:06.633,SALE
160,000142155757,3BD0000021E47FB68FA6D1E0,142155757,2022-04-07 14:21:06.825,SALE
160,,3BD0000021B6637E8FA6D320,141400287,2022-04-07 15:15:18.000,RETURN
160,000142227185,3BD0000021E8DBC68FA6D281,142227185,2022-04-07 14:45:41.190,SALE
160,000142161404,3BD0000021E4D7F28FA6E394,142161404,2022-04-07 14:38:55.297,SALE
160,000132301438,3BD000001F8B09FA8FA7A4E2,132301438,2022-04-05 16:52:53.299,SALE
160,000104457214,3BD0000018E78FFA8FAEB48A,104457214,2022-04-05 16:57:11.002,SALE
160,000127700566,3BD000001E72395A8FA6DC8B,127700566,2022-04-05 16:58:18.516,SALE
160,000110850180,3BD000001A6DC2128FA6E91E,110850180,2022-04-05 17:04:12.281,SALE
160,000136575774,3BD00000208FEC7A8FA6D124,136575774,2022-04-05 18:03:31.779,SALE
160,000110026604,3BD000001A3B7DB28FA7B719,110026604,2022-04-05 18:30:32.451,SALE
160,000132375698,3BD000001F8F924A8FA7E80C,132375698,2022-04-07 13:23:11.109,SALE
160,000136306276,3BD00000207F79928FA6D149,136306276,2022-04-07 12:58:47.722,SALE
160,000139427467,3BD00000213DFA2E8FA6DE16,139427467,2022-04-07 12:42:11.847,SALE
160,000104458013,3BD0000018E79C768FAE3CC1,104458013,2022-04-05 19:08:10.168,SALE
160,000142150051,3BD0000021E4268E8FA6DF4A,142150051,2022-04-06 18:45:18.275,SALE
160,000117377902,3BD000001BFC2DBA8FA94ED7,117377902,2022-04-06 19:24:20.084,SALE
160,000136312119,3BD00000207FD4DE8FA6ED5C,136312119,2022-04-06 13:30:22.713,SALE
160,000141400709,3BD0000021B66A168FA6D854,141400709,2022-04-06 13:36:04.062,SALE
160,000104775199,3BD0000018FAF87E8FA6F6BD,104775199,2022-04-06 14:15:44.460,SALE
160,000140275487,3BD000002171BC7E8FA6D2C9,140275487,2022-04-06 14:25:01.526,SALE
160,,3BD000001DC5C4928FA79C1A,124875044,2022-04-06 18:40:52.069,RETURN
160,000130150048,3BD000001F07BA828FA8BD6A,130150048,2022-04-05 12:54:02.186,SALE
160,000136575078,3BD00000208FE19A8FA6D411,136575078,2022-04-05 12:55:03.214,SALE
160,000142151219,3BD0000021E438CE8FA6EBB6,142151219,2022-04-05 13:02:38.148,SALE
160,000114801912,3BD000001B5EF3E28FA7BD19,114801912,2022-04-05 13:31:44.348,SALE
160,000124875044,3BD000001DC5C4928FA7913B,124875044,2022-04-05 12:57:46.950,SALE
160,000125050088,3BD000001DD073A28FA766F5,125050088,2022-04-05 14:15:17.450,SALE
160,000142152329,3BD0000021E44A268FA6DB09,142152329,2022-04-05 15:06:59.881,SALE
160,000141675064,3BD0000021C728E28FA6D1A3,141675064,2022-04-05 14:37:59.876,SALE
160,000136575821,3BD00000208FED368FA6D38C,136575821,2022-04-05 16:19:30.291,SALE
160,,3BD0000000E93F028FA79C82,3821504,2022-04-05 16:10:23.951,RETURN
160,,3BD0000021E5B8828FA6E402,142175776,2022-04-05 16:31:52.030,RETURN
160,000114804670,3BD000001B5F1EFA8FAA810E,114804670,2022-04-06 14:44:28.898,SALE
160,000127425601,3BD000001E6171068FA6ECE1,127425601,2022-04-06 16:45:13.059,SALE
160,,3BD00000207FC0028FA74B32,136310784,2022-04-06 11:27:23.329,RETURN
160,000142150512,3BD0000021E42DC28FA6E6BF,142150512,2022-04-07 13:43:42.316,SALE
160,000131225052,3BD000001F4957728FA6D905,131225052,2022-04-07 16:20:47.431,SALE
160,000142252117,3BD0000021EA61568FA6D121,142252117,2022-04-06 20:55:47.720,SALE
160,000142201232,3BD0000021E746428FA6DDD5,142201232,2022-04-07 11:01:30.542,SALE
160,000117150152,3BD000001BEE47228FA879B7,117150152,2022-04-07 11:14:04.588,SALE
160,000115650042,3BD000001B92B7EA8FA706F1,115650042,2022-04-05 20:12:48.610,SALE
160,000136300554,3BD00000207F202A8FA6E8BE,136300554,2022-04-05 20:53:33.786,SALE
160,000118150237,3BD000001C2B51768FA9A076,118150237,2022-04-06 12:10:43.733,SALE
160,000142160647,3BD0000021E4CC1E8FA6D8E5,142160647,2022-04-06 13:09:36.690,SALE
160,000139627475,3BD00000214A2F4E8FA6DAAE,139627475,2022-04-05 21:02:05.549,SALE
160,,3BD00000208FF17A8FA6D13B,136576094,2022-04-05 20:32:27.339,RETURN
160,000136554182,3BD00000208E9B1A8FA6EB2C,136554182,2022-04-05 10:48:35.048,SALE
160,000139554451,3BD000002145BA4E8FA6DB99,139554451,2022-04-05 10:53:27.372,SALE
160,000136350235,3BD000002082286E8FA71D04,136350235,2022-04-05 11:03:28.302,SALE
160,000127426662,3BD000001E61819A8FA722B8,127426662,2022-04-07 15:19:41.324,SALE
160,000114804670,3BD000001B5F1EFA8FAA80CC,114804670,2022-04-07 14:19:16.882,SALE
160,,3BD0000021EA4ADE8FA6D36F,142250679,2022-04-07 15:03:18.436,RETURN
160,000136600450,3BD0000020916E0A8FA6E273,136600450,2022-04-05 18:08:28.180,SALE
160,000142162368,3BD0000021E4E7028FA6D14C,142162368,2022-04-07 16:16:10.280,SALE
160,000136352014,3BD000002082443A8FA6D270,136352014,2022-04-07 13:22:20.641,SALE
160,000139551610,3BD0000021458DEA8FA6DA53,139551610,2022-04-07 13:23:53.902,SALE
160,000139551510,3BD0000021458C5A8FA6F864,139551510,2022-04-05 19:03:50.101,SALE
160,000139426915,3BD00000213DF18E8FA6D6D0,139426915,2022-04-06 18:31:09.255,SALE
160,000117376365,3BD000001BFC15B68FB14BC9,117376365,2022-04-06 19:23:56.985,SALE
160,000127600814,3BD000001E6C22BA8FA6FA24,127600814,2022-04-06 14:14:03.369,SALE
160,000142150501,3BD0000021E42D968FA6D214,142150501,2022-04-06 14:23:17.082,SALE
160,000142151440,3BD0000021E43C428FA6D23C,142151440,2022-04-06 13:20:11.333,SALE
160,000136476372,3BD000002089DB528FA715BA,136476372,2022-04-05 14:07:29.724,SALE
160,000118150237,3BD000001C2B51768FA9A1CB,118150237,2022-04-05 14:16:18.067,SALE
160,000136554701,3BD00000208EA3368FA771E1,136554701,2022-04-05 14:22:37.190,SALE
160,000142160031,3BD0000021E4C27E8FA6D213,142160031,2022-04-05 14:44:45.709,SALE
160,,3BD0000021ED55668FA6E3C1,142300505,2022-04-05 14:59:54.288,RETURN
160,,3BD0000021E4D66A8FA6D528,142161306,2022-04-05 14:40:17.274,RETURN
160,000136525301,3BD00000208CD7D68FA6D8E0,136525301,2022-04-05 13:05:17.433,SALE
160,000129275078,3BD000001ED2531A8FA892D0,129275078,2022-04-05 13:08:39.459,SALE
160,000142162925,3BD0000021E4EFB68FA6E2EA,142162925,2022-04-05 16:21:35.080,SALE
160,,3BD000002146FFB68FA6E13F,139575277,2022-04-05 15:50:15.869,RETURN
160,000142500085,3BD0000021F983D68FB3E51B,142500085,2022-04-06 16:46:57.599,SALE
160,000139551656,3BD0000021458EA28FA7054C,139551656,2022-04-06 17:41:21.233,SALE
160,000127600101,3BD000001E6C17968FA7067E,127600101,2022-04-06 17:58:24.435,SALE
160,000123025253,3BD000001D54DD968FA73877,123025253,2022-04-06 15:09:00.651,SALE
160,000113775038,3BD000001B2046FA8FA8446E,113775038,2022-04-06 15:57:33.134,SALE
160,,3BD000002089DC3A8FA6EA19,136476430,2022-04-06 15:35:51.283,RETURN
160,000142500085,3BD0000021F983D68FB49223,142500085,2022-04-07 10:51:47.093,SALE
160,000127429449,3BD000001E61AD268FA71C86,127429449,2022-04-06 12:31:16.959,SALE
160,000003598589,3BD0000000DBA3F68FA8547F,3598589,2022-04-06 13:08:35.505,SALE
160,000139627611,3BD00000214A316E8FA6E462,139627611,2022-04-05 19:36:36.808,SALE
160,000142155203,3BD0000021E4770E8FA6D10F,142155203,2022-04-05 20:10:10.829,SALE
160,,3BD000001DC5E5B47735BBA6,124877165,2022-04-05 19:44:00.806,RETURN
160,000142159589,3BD0000021E4BB968FA6D1BC,142159589,2022-04-05 10:48:29.776,SALE
160,000127429189,3BD000001E61A9168FA81364,127429189,2022-04-07 15:27:12.363,SALE
160,000142157036,3BD0000021E493B28FA6D79F,142157036,2022-04-07 14:46:26.754,SALE
160,000117376365,3BD000001BFC15B68FB121D6,117376365,2022-04-05 11:43:35.456,SALE
160,,3BD000001D4A2FEE8FA6D2E2,122850299,2022-04-05 11:57:27.932,RETURN
160,,3BD0000021E770B28FA6D25E,142203948,2022-04-07 14:38:01.904,RETURN
160,,3BD0000021F983D68FB3E58A,142500085,2022-04-07 15:12:01.951,RETURN
160,000142350851,3BD0000021F0680E8FA6D86E,142350851,2022-04-07 13:31:43.684,SALE
160,000117376313,3BD000001BFC14E68FA86CB3,117376313,2022-04-07 13:52:12.137,SALE
160,000114802546,3BD000001B5EFDCA8FA6E71F,114802546,2022-04-05 18:32:46.282,SALE
160,000104457214,3BD0000018E78FFA8FAEBCB2,104457214,2022-04-07 13:47:45.956,SALE
160,000114825579,3BD000001B6065AE8FA8A403,114825579,2022-04-07 15:53:56.917,SALE
160,000127429268,3BD000001E61AA528FA705E6,127429268,2022-04-07 16:19:49.733,SALE
160,,3BD000001E76CBA28FA709EF,127775464,2022-04-05 18:09:51.266,RETURN
160,,3BD000001E99DDEA8FA6F522,128350074,2022-04-05 18:21:47.807,RETURN
160,,3BD000001E76D55A8FA76C2F,127776086,2022-04-07 12:44:24.041,RETURN
160,000142226212,3BD0000021E8CC928FA6D43C,142226212,2022-04-07 12:45:30.626,SALE
160,000137650297,3BD0000020D181E68FA6D55E,137650297,2022-04-07 12:44:34.643,SALE
160,000003821497,3BD0000000E93EE68FA72338,3821497,2022-04-06 13:36:15.894,SALE
160,000139551510,3BD0000021458C5A8FA6F01D,139551510,2022-04-06 13:24:22.871,SALE
160,000139627357,3BD00000214A2D768FA6D33D,139627357,2022-04-05 12:07:11.701,SALE
160,000118975052,3BD000001C5DA9328FA6D466,118975052,2022-04-05 12:59:27.489,SALE
160,000127429189,3BD000001E61A9168FA80B21,127429189,2022-04-05 13:34:32.613,SALE
160,,3BD00000208FF17A8FA6D130,136576094,2022-04-05 13:29:57.490,RETURN
160,000136576165,3BD00000208FF2968FA6D1B0,136576165,2022-04-05 14:15:21.337,SALE
160,000142253922,3BD0000021EA7D8A8FA6D488,142253922,2022-04-05 14:40:02.611,SALE
160,000114802028,3BD000001B5EF5B28FA71CCF,114802028,2022-04-05 15:26:32.012,SALE
160,000143510323,3BD0000022372CCE8FA70C15,143510323,2022-04-05 16:13:38.632,SALE
160,000142275147,3BD0000021EBC92E8FA6D195,142275147,2022-04-05 16:28:35.217,SALE
160,,3BD000002089DB6A8FA6FAD3,136476378,2022-04-05 15:43:20.225,RETURN
160,,3BD0000020D181E68FA6D55E,137650297,2022-04-05 15:46:01.408,RETURN
160,000142203049,3BD0000021E762A68FA6D35E,142203049,2022-04-06 18:01:54.777,SALE
160,000139551510,3BD0000021458C5A8FA6F39C,139551510,2022-04-06 17:18:26.207,SALE
160,000142251338,3BD0000021EA552A8FA6D1D2,142251338,2022-04-06 17:15:48.592,SALE
160,000142350071,3BD0000021F05BDE8FA6DDFC,142350071,2022-04-06 17:47:52.486,SALE
160,,3BD00000214A1BC68FA6D32E,139626225,2022-04-06 16:39:46.769,RETURN
160,000141400228,3BD0000021B662928FA6D1ED,141400228,2022-04-07 15:28:38.776,SALE
160,000137650370,3BD0000020D1830A8FA6D230,137650370,2022-04-06 21:07:07.483,SALE
160,000136525070,3BD00000208CD43A8FA6F5CA,136525070,2022-04-07 11:00:04.005,SALE
160,000136552688,3BD00000208E83C28FA6E3EF,136552688,2022-04-07 15:50:01.506,SALE
160,000117376352,3BD000001BFC15828FAB39E0,117376352,2022-04-06 14:48:01.351,SALE
160,000114875068,3BD000001B636AF28FA7139A,114875068,2022-04-06 14:53:09.261,SALE
160,000127651549,3BD000001E6F3B768FA8BBA2,127651549,2022-04-06 15:49:33.768,SALE
160,000003821493,3BD0000000E93ED68FA7D2FA,3821493,2022-04-06 13:01:59.350,SALE
160,000117377924,3BD000001BFC2E128FADBFF8,117377924,2022-04-06 12:33:31.267,SALE
160,000142350156,3BD0000021F05D328FA6D81F,142350156,2022-04-05 19:34:19.051,SALE
160,,3BD000002239A6828FA6EAD5,143550880,2022-04-06 12:54:43.353,RETURN
160,000123176177,3BD000001D5E13C68FA8977C,123176177,2022-04-05 11:12:03.663,SALE
160,000136554286,3BD00000208E9CBA8FA74105,136554286,2022-04-07 14:53:12.483,SALE
160,000136576412,3BD00000208FF6728FA6DA95,136576412,2022-04-05 18:23:08.163,SALE
160,000137150346,3BD0000020B2FE2A8FA6DC62,137150346,2022-04-05 18:24:54.443,SALE
160,000138975138,3BD0000021225E8A8FA6D160,138975138,2022-04-07 13:33:47.556,SALE
160,000117377902,3BD000001BFC2DBA8FA95128,117377902,2022-04-07 16:09:24.448,SALE
160,000142500085,3BD0000021F983D68FB3F067,142500085,2022-04-07 15:59:43.948,SALE
160,000126925105,3BD000001E42E4C68FA6D62C,126925105,2022-04-05 18:44:30.449,SALE
160,000117377924,3BD000001BFC2E128FADBFDC,117377924,2022-04-07 16:07:37.791,SALE
160,000142201202,3BD0000021E745CA8FA6DBC3,142201202,2022-04-06 18:47:23.925,SALE
160,000104457374,3BD0000018E7927A8FA71C8E,104457374,2022-04-06 19:09:47.051,SALE
160,000142155143,3BD0000021E4761E8FA6D2DF,142155143,2022-04-06 19:35:27.785,SALE
160,000142151715,3BD0000021E4408E8FA6D617,142151715,2022-04-06 13:23:28.010,SALE
160,000142150512,3BD0000021E42DC28FA6E6AE,142150512,2022-04-06 18:55:33.830,SALE
160,000104456069,3BD0000018E77E168FA73E51,104456069,2022-04-06 13:20:18.246,SALE
160,000117378018,3BD000001BFC2F8A8FA70BCE,117378018,2022-04-06 14:12:45.178,SALE
160,,3BD0000018F662BA8FA93373,104700078,2022-04-06 14:38:54.438,RETURN
160,000139875048,3BD0000021594BA28FA6ECED,139875048,2022-04-05 13:46:09.175,SALE
160,000132154491,3BD000001F8211EE8FA745B7,132154491,2022-04-05 15:01:44.714,SALE
160,000104456063,3BD0000018E77DFE8FA702F4,104456063,2022-04-05 13:39:46.370,SALE
160,,3BD0000021E4D66A8FA6D528,142161306,2022-04-05 14:42:30.967,RETURN
160,000123600139,3BD000001D77F42E8FA75D96,123600139,2022-04-05 15:02:42.366,SALE
160,000142350140,3BD0000021F05CF28FA6E46E,142350140,2022-04-05 15:48:34.990,SALE
160,000127429218,3BD000001E61A98A8FA9831E,127429218,2022-04-06 11:10:52.044,SALE
160,000142254604,3BD0000021EA88328FA6D473,142254604,2022-04-06 17:08:20.246,SALE
160,000127525236,3BD000001E6785D28FA6E884,127525236,2022-04-06 17:09:37.470,SALE
160,,3BD000001E6C22CE8FA70EC6,127600819,2022-04-06 11:14:14.472,RETURN
160,000143510323,3BD0000022372CCE8FA70D1F,143510323,2022-04-06 17:53:10.208,SALE
160,000137650305,3BD0000020D182068FA6D181,137650305,2022-04-07 11:14:38.725,SALE
160,000142252074,3BD0000021EA60AA8FA6D345,142252074,2022-04-07 13:14:25.155,SALE
160,000141400664,3BD0000021B669628FA6D550,141400664,2022-04-07 11:28:21.590,SALE
160,,3BD0000022371BF28FA73233,143509244,2022-04-05 10:24:06.669,RETURN
160,000117400889,3BD000001BFD94E68FA6E367,117400889,2022-04-06 14:54:53.373,SALE
160,000113775038,3BD000001B2046FA8FA7F776,113775038,2022-04-06 15:33:40.566,SALE
160,000142254617,3BD0000021EA88668FA6E74E,142254617,2022-04-06 15:33:57.945,SALE
160,000113775038,3BD000001B2046FA8FA8446E,113775038,2022-04-06 15:58:15.606,SALE
160,000003784376,3BD0000000E6FAE28FA74873,3784376,2022-04-05 19:05:06.915,SALE
160,000136525424,3BD00000208CD9C28FA6F208,136525424,2022-04-06 11:46:11.087,SALE
160,000003821551,3BD0000000E93FBE8FA71EC5,3821551,2022-04-06 11:52:15.319,SALE
160,000127700528,3BD000001E7238C28FA6D8CE,127700528,2022-04-05 20:26:42.404,SALE
160,000142202449,3BD0000021E759468FA6D1E5,142202449,2022-04-05 20:14:46.398,SALE
160,000003818307,3BD0000000E90D0E8FA91E8C,3818307,2022-04-05 20:18:55.566,SALE
160,000127550273,3BD000001E690D068FA72126,127550273,2022-04-06 12:40:23.698,SALE
160,000104455973,3BD0000018E77C968FAA08CF,104455973,2022-04-05 20:12:19.674,SALE
160,000136350240,3BD00000208228828FA6D764,136350240,2022-04-05 20:56:26.906,SALE
160,,3BD0000021ED56828FA6D76A,142300576,2022-04-05 19:47:59.607,RETURN
160,,3BD000001D4BC44E8FA6EFB2,122876179,2022-04-05 20:08:30.386,RETURN
160,,3BD000001BECBFD68FA73764,117125109,2022-04-05 20:36:35.478,RETURN
160,000127675899,3BD000001E70B7EE8FA6D65C,127675899,2022-04-05 10:52:34.405,SALE
160,000139475076,3BD000002140E2128FA6F806,139475076,2022-04-07 15:14:39.913,SALE
160,000142160647,3BD0000021E4CC1E8FA6D8E2,142160647,2022-04-07 14:02:09.797,SALE
160,000127429189,3BD000001E61A9168FA7F779,127429189,2022-04-07 15:16:57.343,SALE
160,000142500085,3BD0000021F983D68FB4A219,142500085,2022-04-05 17:41:50.980,SALE
160,000142350168,3BD0000021F05D628FA708EA,142350168,2022-04-07 16:26:49.072,SALE
160,000136226125,3BD00000207A95368FA6D9B0,136226125,2022-04-07 15:29:17.702,SALE
160,000127825180,3BD000001E79D4728FA6D27E,127825180,2022-04-07 13:46:10.165,SALE
160,000127525447,3BD000001E67891E8FA6D3AC,127525447,2022-04-07 12:17:30.356,SALE
160,000142155717,3BD0000021E47F168FA6E417,142155717,2022-04-07 12:55:11.135,SALE
160,000142152278,3BD0000021E4495A8FA6FB28,142152278,2022-04-07 13:08:36.931,SALE
160,000142154912,3BD0000021E472828FA6EA87,142154912,2022-04-06 19:53:37.963,SALE
160,000136554227,3BD00000208E9BCE8FA70018,136554227,2022-04-07 10:12:38.808,SALE
160,,3BD000002148AB628FA6D547,139602648,2022-04-06 19:36:25.153,RETURN
160,000117400878,3BD000001BFD94BA8FA73BB3,117400878,2022-04-05 12:21:18.128,SALE
160,000136475057,3BD000002089C6C68FA6D3DF,136475057,2022-04-05 12:32:06.208,SALE
160,000139551656,3BD0000021458EA28FA705F5,139551656,2022-04-05 14:18:28.293,SALE
160,000142161975,3BD0000021E4E0DE8FA6D173,142161975,2022-04-05 14:59:23.445,SALE
160,000136575878,3BD00000208FEE1A8FA6D306,136575878,2022-04-05 14:09:42.201,SALE
160,,3BD00000200075207735BBB7,134225224,2022-04-05 14:04:30.801,RETURN
160,000142176558,3BD0000021E5C4BA8FA6D1FF,142176558,2022-04-05 16:40:17.644,SALE
160,000142157610,3BD0000021E49CAA8FA6D23A,142157610,2022-04-06 11:43:22.958,SALE
160,000127550273,3BD000001E690D068FA7205A,127550273,2022-04-05 10:36:49.932,SALE
160,000139603547,3BD000002148B96E8FA6D1FE,139603547,2022-04-07 15:48:09.212,SALE
160,000142175347,3BD0000021E5B1CE8FA6E76E,142175347,2022-04-06 20:37:03.267,SALE
160,000122976244,3BD000001D51DFD28FA7634C,122976244,2022-04-05 10:39:33.297,SALE
160,000136554250,3BD00000208E9C2A8FA6DA6E,136554250,2022-04-07 11:36:18.953,SALE
160,,3BD0000021B665587735BB16,141400406,2022-04-07 11:50:17.064,RETURN
160,000142154388,3BD0000021E46A528FA6E170,142154388,2022-04-06 15:03:26.222,SALE
160,,3BD0000021C8B15A8FA6D6BB,141700182,2022-04-06 16:07:41.708,RETURN
160,000136325288,3BD000002080A2A2BC5AC8BB,136325288,2022-04-05 11:49:12.314,SALE
160,000140875063,3BD00000219654DE8FA6D1FE,140875063,2022-04-07 13:57:52.599,SALE
160,000140625081,3BD00000218712E68FA6E088,140625081,2022-04-07 14:27:19.592,SALE
160,000142500085,3BD0000021F983D68FB3F080,142500085,2022-04-07 14:17:53.984,SALE
160,000139551656,3BD0000021458EA28FA705F5,139551656,2022-04-06 11:39:11.500,SALE
160,000142226366,3BD0000021E8CEFA8FA6D121,142226366,2022-04-06 12:37:55.684,SALE
160,000104458464,3BD0000018E7A3828FA73DF5,104458464,2022-04-05 19:32:27.038,SALE
160,000142225463,3BD0000021E8C0DE8FA6E437,142225463,2022-04-05 19:35:27.962,SALE
160,000114825582,3BD000001B6065BA8FACF6E3,114825582,2022-04-05 17:03:32.849,SALE
160,000142500085,3BD0000021F983D68FB4A5B3,142500085,2022-04-05 17:24:18.636,SALE
160,000141700296,3BD0000021C8B3228FA6D5EC,141700296,2022-04-05 18:11:58.462,SALE
160,000143510320,3BD0000022372CC28FA705CD,143510320,2022-04-05 18:28:53.541,SALE
160,000131275085,3BD000001F4C65368FA6D12A,131275085,2022-04-07 13:46:08.732,SALE
160,,3BD00000208E9B1A8FA6EB2C,136554182,2022-04-07 13:05:07.197,RETURN
160,000136554223,3BD00000208E9BBE8FA71050,136554223,2022-04-05 19:26:44.570,SALE
160,000142154378,3BD0000021E46A2A8FA6D3C3,142154378,2022-04-06 19:14:44.893,SALE
160,000142157640,3BD0000021E49D228FA6D100,142157640,2022-04-06 14:38:42.886,SALE
160,000136305128,3BD00000207F67A28FA7465F,136305128,2022-04-06 18:49:17.921,SALE
160,000142158732,3BD0000021E4AE328FA6D6AB,142158732,2022-04-06 19:09:23.534,SALE
160,000104452494,3BD0000018E7463A8FA9EFA4,104452494,2022-04-06 13:40:06.715,SALE
160,000142275179,3BD0000021EBC9AE8FA6D3C0,142275179,2022-04-06 13:31:23.558,SALE
160,000003821754,3BD0000000E942EA8FA6ECBB,3821754,2022-04-06 14:32:25.182,SALE
160,000132156997,3BD000001F8239168FA6E3EE,132156997,2022-04-06 19:17:25.712,SALE
160,,3BD000001BFC15CE8FAB86B3,117376371,2022-04-06 19:30:03.461,RETURN
160,000136306714,3BD00000207F806A8FA6EF78,136306714,2022-04-05 12:08:42.543,SALE
160,000143525315,3BD000002238170E8FA6D6DD,143525315,2022-04-05 12:36:18.461,SALE
160,000142175363,3BD0000021E5B20E8FA6E6A3,142175363,2022-04-05 12:49:33.569,SALE
160,,3BD000001BFC15B68FB14EFA,117376365,2022-04-05 12:46:45.033,RETURN
160,000127776086,3BD000001E76D55A8FA785B5,127776086,2022-04-06 10:24:30.434,SALE
160,000117376359,3BD000001BFC159E8FB0DEC7,117376359,2022-04-06 10:53:55.948,SALE
160,000142226113,3BD0000021E8CB068FA6EC20,142226113,2022-04-06 10:56:37.557,SALE
160,000139551505,3BD0000021458C468FA6D35B,139551505,2022-04-06 16:47:38.000,SALE
160,000139900065,3BD00000215AD2868FA6E976,139900065,2022-04-06 20:14:49.336,SALE
160,000139601158,3BD000002148941A8FA6D607,139601158,2022-04-06 20:21:36.913,SALE
160,000142154089,3BD0000021E465A68FA6E19E,142154089,2022-04-07 10:46:08.548,SALE
160,000126925057,3BD000001E42E4068FA6FB54,126925057,2022-04-07 11:28:13.613,SALE
160,000143425528,3BD000002231FFE28FA6D1EC,143425528,2022-04-06 15:53:31.910,SALE
160,000104455633,3BD0000018E777468FA786D7,104455633,2022-04-06 11:49:36.974,SALE
160,000142254596,3BD0000021EA88128FA6D1A3,142254596,2022-04-06 12:20:34.216,SALE
160,000139552037,3BD00000214594968FA6D709,139552037,2022-04-05 19:54:49.046,SALE
160,000003658764,3BD0000000DF50328FA7CAE0,3658764,2022-04-05 19:51:31.392,SALE
160,000140275352,3BD000002171BA628FA6D10A,140275352,2022-04-07 15:36:46.981,SALE
160,000110850200,3BD000001A6DC2628FA7177D,110850200,2022-04-07 14:20:00.820,SALE
160,000114750508,3BD000001B5BD0B28FA7A201,114750508,2022-04-05 11:03:22.435,SALE
160,000142500085,3BD0000021F983D68FB3E58A,142500085,2022-04-07 15:12:33.429,SALE
160,000142500085,3BD0000021F983D68FB3E58A,142500085,2022-04-07 15:08:39.986,SALE
160,,3BD00000207A937A8FA8D284,136226014,2022-04-05 10:57:21.299,RETURN
160,,3BD000001B636AF28FA7139A,114875068,2022-04-05 12:00:21.316,RETURN
160,000122925059,3BD000001D4EC00E8FA74AC1,122925059,2022-04-05 18:42:32.361,SALE
160,000136476378,3BD000002089DB6A8FA7124F,136476378,2022-04-05 17:47:54.869,SALE
160,000114804419,3BD000001B5F1B0E8FA77E7D,114804419,2022-04-05 18:03:39.942,SALE
160,000142251670,3BD0000021EA5A5A8FA6D30F,142251670,2022-04-07 11:58:29.706,SALE
160,000127501373,3BD000001E6610F68FA6E4C4,127501373,2022-04-07 13:41:12.738,SALE
160,000137650421,3BD0000020D183D68FA6D6A4,137650421,2022-04-07 13:50:36.645,SALE
160,000003690669,3BD0000000E142B68FA6F0A7,3690669,2022-04-05 19:25:01.725,SALE
160,000142300576,3BD0000021ED56828FA6D7C4,142300576,2022-04-05 19:25:29.375,SALE
160,000121700087,3BD000001D03FBDE8FA6DCB5,121700087,2022-04-06 19:07:35.264,SALE
160,000142177916,3BD0000021E5D9F28FA6D2FC,142177916,2022-04-06 19:12:07.637,SALE
160,000117400627,3BD000001BFD90CE8FA77050,117400627,2022-04-06 19:24:54.194,SALE
160,000003818300,3BD0000000E90CF28FA85F39,3818300,2022-04-06 19:44:44.478,SALE
160,000142162563,3BD0000021E4EA0E8FA6D124,142162563,2022-04-06 13:18:02.434,SALE
160,000142152109,3BD0000021E446B68FA6EF83,142152109,2022-04-06 14:11:10.665,SALE
160,,3BD000001BEE47228FA87FD5,117150152,2022-04-06 18:28:05.930,RETURN
160,000136307264,3BD00000207F89028FA6E494,136307264,2022-04-05 15:36:47.950,SALE
160,000142500085,3BD0000021F983D68FB46913,142500085,2022-04-05 16:17:57.140,SALE
160,000117402032,3BD000001BFDA6C28FA71972,117402032,2022-04-05 15:26:00.651,SALE
160,000136308688,3BD00000207F9F428FA6DB63,136308688,2022-04-06 11:37:04.735,SALE
160,000142154937,3BD0000021E472E68FA6D346,142154937,2022-04-06 16:19:25.210,SALE
160,000139900058,3BD00000215AD26A8FA6D624,139900058,2022-04-06 16:58:55.516,SALE
160,000142350071,3BD0000021F05BDE8FA6DDFC,142350071,2022-04-06 17:46:22.464,SALE
160,000127775696,3BD000001E76CF428FA6D48C,127775696,2022-04-07 13:42:43.039,SALE
160,000136305128,3BD00000207F67A28FA709BE,136305128,2022-04-07 16:22:26.167,SALE
160,000126925057,3BD000001E42E4068FA6FB54,126925057,2022-04-07 11:29:33.165,SALE
160,,3BD000001F8E04B28FA6D9B6,132350252,2022-04-07 11:04:41.362,RETURN
160,000142155351,3BD0000021E4795E8FA6D55A,142155351,2022-04-06 15:19:04.683,SALE
160,000117402028,3BD000001BFDA6B28FA712FF,117402028,2022-04-06 15:52:19.364,SALE
160,,3BD000001B5F0E1A8FA73A4D,114803590,2022-04-05 19:02:33.963,RETURN
160,000118750066,3BD000001C4FEDCA8FA9A497,118750066,2022-04-06 12:33:12.764,SALE
160,000136554587,3BD00000208EA16E8FA6DB45,136554587,2022-04-06 13:04:26.799,SALE
160,000142155647,3BD0000021E47DFE8FA6DED5,142155647,2022-04-05 20:06:55.681,SALE
160,000117125109,3BD000001BECBFD68FA73764,117125109,2022-04-05 20:24:37.832,SALE
160,000142253881,3BD0000021EA7CE68FA6DB13,142253881,2022-04-05 11:00:24.057,SALE
160,000131275083,3BD000001F4C652E8FA720D7,131275083,2022-04-05 11:28:09.638,SALE
160,000137150342,3BD0000020B2FE1A8FA6DD85,137150342,2022-04-07 14:05:58.312,SALE
160,000142252104,3BD0000021EA61228FA6D147,142252104,2022-04-07 14:58:55.936,SALE
160,000131350149,3BD000001F50FA168FA6F8F4,131350149,2022-04-05 13:09:53.077,SALE
160,000003821503,3BD0000000E93EFE8FA7DB6F,3821503,2022-04-05 13:33:07.805,SALE
160,000128350059,3BD000001E99DDAE8FA6F46E,128350059,2022-04-05 17:08:33.510,SALE
160,000129350048,3BD000001ED6E6828FA6DE20,129350048,2022-04-07 16:26:01.250,SALE
160,000142500085,3BD0000021F983D68FB47F23,142500085,2022-04-07 15:46:08.134,SALE
160,000142175764,3BD0000021E5B8528FA6E372,142175764,2022-04-05 17:48:58.128,SALE
160,000137150348,3BD0000020B2FE328FA6EB31,137150348,2022-04-07 12:00:03.907,SALE
160,000142152278,3BD0000021E4495A8FA712A1,142152278,2022-04-07 12:49:07.170,SALE
160,000142176719,3BD0000021E5C73E8FA6D447,142176719,2022-04-07 12:16:56.421,SALE
160,,3BD000001B2046FA8FA8446E,113775038,2022-04-07 16:23:56.022,RETURN
160,000142200924,3BD0000021E741728FA6D176,142200924,2022-04-05 14:06:48.862,SALE
160,000127675977,3BD000001E70B9268FA6E610,127675977,2022-04-05 14:25:38.682,SALE
160,000136476384,3BD000002089DB828FA6E076,136476384,2022-04-06 18:50:51.004,SALE
160,000143450189,3BD00000223381368FA6D28E,143450189,2022-04-06 19:57:34.343,SALE
160,000142175322,3BD0000021E5B16A8FA6D682,142175322,2022-04-06 13:48:48.935,SALE
160,000131025120,3BD000001F3D23828FA75EC4,131025120,2022-04-06 13:43:22.447,SALE
160,000133050177,3BD000001FB8BD068FA6E093,133050177,2022-04-07 10:16:57.900,SALE
160,000122875040,3BD000001D4BB2828FA7D4ED,122875040,2022-04-06 11:06:07.008,SALE
160,000118750046,3BD000001C4FED7A8FA76224,118750046,2022-04-06 11:38:07.739,SALE
160,000003734367,3BD0000000E3ED7E8FA92226,3734367,2022-04-06 11:40:54.483,SALE
160,000114802163,3BD000001B5EF7CE8FA8E54D,114802163,2022-04-06 17:32:41.419,SALE
160,000142227360,3BD0000021E8DE828FA6D4CC,142227360,2022-04-06 17:56:42.799,SALE
160,000142203177,3BD0000021E764A68FA6D74F,142203177,2022-04-06 17:10:49.390,SALE
160,,3BD0000022371BF28FA73434,143509244,2022-04-06 16:32:22.291,RETURN
160,000136226149,3BD00000207A95968FA74546,136226149,2022-04-05 18:49:40.141,SALE
160,000139427062,3BD00000213DF3DA8FA6DDE2,139427062,2022-04-05 10:23:23.261,SALE
160,000142350137,3BD0000021F05CE68FA6D261,142350137,2022-04-05 10:34:39.157,SALE
160,000127429268,3BD000001E61AA528FA7029E,127429268,2022-04-07 16:20:32.583,SALE
160,000003810742,3BD0000000E896DA8FA74FE6,3810742,2022-04-07 11:41:45.244,SALE
160,000142175328,3BD0000021E5B1828FA6DA2A,142175328,2022-04-07 10:27:44.447,SALE
160,000142500085,3BD0000021F983D68FB4A404,142500085,2022-04-07 11:10:40.841,SALE
160,000127700553,3BD000001E7239268FA6D3D8,127700553,2022-04-07 11:43:28.621,SALE
160,,3BD000002171BC7A8FA6D3EA,140275486,2022-04-06 20:33:39.420,RETURN
160,000113050092,3BD000001AF407B28FA72C85,113050092,2022-04-05 14:08:22.957,SALE
160,000118750066,3BD000001C4FEDCA8FA9A435,118750066,2022-04-06 14:46:27.348,SALE
160,000117251615,3BD000001BF4787E8FA712B2,117251615,2022-04-06 16:02:55.804,SALE
160,000003821551,3BD0000000E93FBE8FA71EC5,3821551,2022-04-06 11:58:57.183,SALE
160,000136350249,3BD00000208228A68FA6EF56,136350249,2022-04-05 19:28:55.893,SALE
160,000142154912,3BD0000021E472828FA6EA87,142154912,2022-04-05 20:23:22.825,SALE
160,000139501261,3BD0000021427B368FA6D85B,139501261,2022-04-05 20:07:04.559,SALE
160,000142275186,3BD0000021EBC9CA8FA6D312,142275186,2022-04-05 15:23:45.472,SALE
160,000114802274,3BD000001B5EF98A8FA6FA61,114802274,2022-04-07 13:57:16.572,SALE
160,,3BD0000021E5B8528FA6E38B,142175764,2022-04-05 11:45:30.960,RETURN
160,000141700175,3BD0000021C8B13E8FA6D8DE,141700175,2022-04-05 17:18:15.547,SALE
160,000118150231,3BD000001C2B515E8FA7FAC6,118150231,2022-04-07 13:54:53.177,SALE
160,000142500085,3BD0000021F983D68FB47EE2,142500085,2022-04-07 15:57:22.106,SALE
160,000122925288,3BD000001D4EC3A28FA78D4C,122925288,2022-04-07 12:37:21.852,SALE
160,,3BD000001B61E41E8FA76E18,114850055,2022-04-07 12:07:06.520,RETURN
160,000127550275,3BD000001E690D0E8FA70A97,127550275,2022-04-07 12:59:43.828,SALE
160,000136325277,3BD000002080A276BC5AC708,136325277,2022-04-06 18:59:18.211,SALE
160,000124925054,3BD000001DC8D1FA8FA713C6,124925054,2022-04-06 19:01:16.893,SALE
160,000142175344,3BD0000021E5B1C28FA6EE82,142175344,2022-04-06 19:50:17.157,SALE
160,000104426191,3BD0000018E5AB3E8FA7FE96,104426191,2022-04-06 13:59:21.697,SALE
160,000117377924,3BD000001BFC2E128FADB9CD,117377924,2022-04-06 18:55:23.348,SALE
160,000142176092,3BD0000021E5BD728FA6D9F4,142176092,2022-04-06 18:51:57.041,SALE
160,000136476378,3BD000002089DB6A8FA6FAD3,136476378,2022-04-06 14:22:13.556,SALE
160,000136311480,3BD00000207FCAE28FA6D25E,136311480,2022-04-07 10:04:45.241,SALE
160,000106325042,3BD00000195990CA8FA71B8D,106325042,2022-04-06 20:16:58.175,SALE
160,000117400669,3BD000001BFD91768FA83665,117400669,2022-04-06 20:52:58.082,SALE
160,000127676914,3BD000001E70C7CA8FA6D92E,127676914,2022-04-07 11:16:20.436,SALE
160,000143510320,3BD0000022372CC28FA6EBDF,143510320,2022-04-06 20:48:49.011,SALE
160,000139602301,3BD000002148A5F68FA6D830,139602301,2022-04-05 12:30:40.286,SALE
160,000139525726,3BD000002143F97A8FA6F50C,139525726,2022-04-05 12:45:51.355,SALE
160,000142161243,3BD0000021E4D56E8FA6F575,142161243,2022-04-05 19:05:59.674,SALE
160,,3BD0000021F05D628FA6E3EC,142350168,2022-04-06 15:37:15.995,RETURN
160,,3BD0000021E5C06A8FA6D3FE,142176282,2022-04-06 16:10:43.009,RETURN
160,000127429470,3BD000001E61AD7A8FA8805B,127429470,2022-04-05 15:35:42.736,SALE
160,000133125093,3BD000001FBD4F968FA6EF92,133125093,2022-04-05 16:02:25.203,SALE
160,,3BD000001F805BAA8FA6FE30,132126442,2022-04-05 16:10:13.901,RETURN
160,000142153313,3BD0000021E459868FA6DA13,142153313,2022-04-06 12:01:04.434,SALE
160,000127652789,3BD000001E6F4ED68FA720D8,127652789,2022-04-06 12:34:06.295,SALE
160,000138325048,3BD0000020FAB0E28FA6EF6C,138325048,2022-04-06 12:41:13.617,SALE
160,,3BD000001D4A428A8FA6F6EE,122851490,2022-04-06 12:49:07.135,RETURN
160,,3BD000001E6610FE8FA6D8A3,127501375,2022-04-05 20:58:20.239,RETURN
160,000142500085,3BD0000021F983D68FB3F3BD,142500085,2022-04-07 13:58:42.316,SALE
160,000142151382,3BD0000021E43B5A8FA6D1A6,142151382,2022-04-07 15:08:49.928,SALE
160,000136225456,3BD00000207A8AC28FA6D11B,136225456,2022-04-07 15:45:30.772,SALE
160,000114825579,3BD000001B6065AE8FAE11BB,114825579,2022-04-05 17:04:13.688,SALE
160,000137650338,3BD0000020D1828A8FA6D175,137650338,2022-04-05 17:11:56.138,SALE
160,000114825579,3BD000001B6065AE8FAC65EC,114825579,2022-04-05 18:11:52.642,SALE
160,000142202480,3BD0000021E759C28FA6D1D6,142202480,2022-04-05 18:22:18.809,SALE
160,000136475152,3BD000002089C8428FA6D649,136475152,2022-04-05 18:30:07.602,SALE
160,000142325508,3BD0000021EEDC128FA6D3D7,142325508,2022-04-05 13:38:16.115,SALE
160,000142157837,3BD0000021E4A0368FA6D126,142157837,2022-04-05 14:23:32.373,SALE
160,000142326914,3BD0000021EEF20A8FA6E122,142326914,2022-04-06 10:26:29.974,SALE
160,000110051071,3BD000001A3CFBFE8FA74DC2,110051071,2022-04-06 11:07:31.061,SALE
160,,3BD00000207A95368FA6D9B0,136226125,2022-04-06 17:12:25.384,RETURN
160,,3BD0000021ED4F728FA6DB53,142300124,2022-04-06 17:34:11.031,RETURN
160,000136554274,3BD00000208E9C8A8FA79548,136554274,2022-04-05 19:25:53.203,SALE
160,000124877165,3BD000001DC5E5B47735BBA6,124877165,2022-04-06 18:11:29.846,SALE
160,000139551656,3BD0000021458EA28FA6D474,139551656,2022-04-06 18:52:54.269,SALE
160,000139551610,3BD0000021458DEA8FA6D8F2,139551610,2022-04-06 19:08:28.612,SALE
160,000118925992,3BD000001C5AAAA28FA6E986,118925992,2022-04-06 20:00:26.116,SALE
160,000117377905,3BD000001BFC2DC68FA83F3B,117377905,2022-04-06 19:41:26.353,SALE
160,000142157096,3BD0000021E494A28FA6E31D,142157096,2022-04-06 13:25:12.928,SALE
160,000141400716,3BD0000021B66A328FA6DB8E,141400716,2022-04-06 13:37:25.976,SALE
160,000142161243,3BD0000021E4D56E8FA6F35F,142161243,2022-04-05 12:24:00.930,SALE
160,000142155096,3BD0000021E475628FA6D115,142155096,2022-04-05 12:44:29.816,SALE
160,000117251615,3BD000001BF4787E8FA71225,117251615,2022-04-05 13:09:54.684,SALE
160,,3BD00000209601E68FA6D132,136675449,2022-04-05 13:28:12.569,RETURN
160,000142154365,3BD0000021E469F68FA6E4C0,142154365,2022-04-06 15:17:56.463,SALE
160,000110026604,3BD000001A3B7DB28FA7B5C5,110026604,2022-04-06 16:04:56.907,SALE
160,000136476384,3BD000002089DB828FA6EC0A,136476384,2022-04-05 19:02:12.121,SALE
160,000123600140,3BD000001D77F4328FA7E1BB,123600140,2022-04-05 15:50:32.768,SALE
160,000136325339,3BD000002080A36E8FA6D58A,136325339,2022-04-06 12:49:41.739,SALE
160,000142152340,3BD0000021E44A528FA6DCB5,142152340,2022-04-05 19:47:26.330,SALE
160,000142175300,3BD0000021E5B1128FA6D841,142175300,2022-04-06 13:07:19.190,SALE
160,000114801912,3BD000001B5EF3E28FA7D9B3,114801912,2022-04-05 20:28:59.312,SALE
160,000122925290,3BD000001D4EC3AA8FA6FAD7,122925290,2022-04-05 11:27:29.438,SALE
160,000142162291,3BD0000021E4E5CE8FA6D2DC,142162291,2022-04-07 14:17:10.265,SALE
160,000142200978,3BD0000021E7424A8FA6D7C2,142200978,2022-04-07 14:28:21.730,SALE
160,000139575320,3BD00000214700628FA6E854,139575320,2022-04-05 17:43:07.143,SALE
160,000136554182,3BD00000208E9B1A8FA6EB2C,136554182,2022-04-07 13:05:44.977,SALE
160,000141025077,3BD00000219F7CD68FA6D2DF,141025077,2022-04-05 17:46:34.271,SALE
160,,3BD0000021EEF0628FA6D58D,142326808,2022-04-07 12:03:04.693,RETURN
160,,3BD0000021E476528FA6DA9B,142155156,2022-04-07 11:55:11.430,RETURN
160,000127429227,3BD000001E61A9AE8FA6D9E5,127429227,2022-04-05 13:47:46.219,SALE
160,000139650682,3BD00000214B99EA8FA6D249,139650682,2022-04-05 14:16:13.307,SALE
160,000127775924,3BD000001E76D2D28FA6D166,127775924,2022-04-05 14:31:25.289,SALE
160,000127825496,3BD000001E79D9628FA756FF,127825496,2022-04-06 17:31:16.974,SALE
160,000143510323,3BD0000022372CCE8FA70CA7,143510323,2022-04-06 18:05:12.941,SALE
160,,3BD0000021458EA28FA705F5,139551656,2022-04-06 10:43:22.427,RETURN
160,,3BD0000022371BF28FA73430,143509244,2022-04-06 17:05:34.539,RETURN
160,000139475076,3BD000002140E2128FA6D74C,139475076,2022-04-07 16:04:15.450,SALE
160,000114825582,3BD000001B6065BA8FACF9C2,114825582,2022-04-07 15:27:55.570,SALE
160,000127776104,3BD000001E76D5A28FA6DCA7,127776104,2022-04-07 11:43:58.053,SALE
160,000127500617,3BD000001E6605268FA71F71,127500617,2022-04-07 13:43:50.635,SALE
160,000117377924,3BD000001BFC2E128FADC085,117377924,2022-04-06 20:44:52.806,SALE
160,000139325070,3BD000002137BA3A8FA6D526,139325070,2022-04-07 10:59:02.059,SALE
160,000136554218,3BD00000208E9BAA8FA70A4F,136554218,2022-04-07 11:33:59.872,SALE
160,000132300127,3BD000001F8AF57E8FA6D564,132300127,2022-04-07 11:38:55.855,SALE
160,000139554288,3BD000002145B7C28FA6D33C,139554288,2022-04-05 18:53:58.028,SALE
160,000113125941,3BD000001AF8A8D68FA7E930,113125941,2022-04-06 18:45:10.008,SALE
160,000140500061,3BD00000217F71768FA6D934,140500061,2022-04-06 14:36:01.908,SALE
160,000142203093,3BD0000021E763568FA6FA31,142203093,2022-04-06 14:40:49.344,SALE
160,000142250196,3BD0000021EA43528FA6D27A,142250196,2022-04-06 15:05:41.237,SALE
160,000141400193,3BD0000021B662068FA6D14A,141400193,2022-04-07 13:16:36.467,SALE
160,000114750508,3BD000001B5BD0B28FA7A7D0,114750508,2022-04-06 12:48:25.422,SALE
160,000137150342,3BD0000020B2FE1A8FA70811,137150342,2022-04-05 20:08:07.598,SALE
160,000142500085,3BD0000021F983D68FB4A232,142500085,2022-04-05 20:13:10.108,SALE
160,000142250517,3BD0000021EA48568FA6DCEA,142250517,2022-04-06 12:10:02.332,SALE
160,000142226084,3BD0000021E8CA928FA6E5F9,142226084,2022-04-05 20:55:46.988,SALE
160,000142250253,3BD0000021EA44368FA6D3D2,142250253,2022-04-06 13:02:47.336,SALE
160,000127500449,3BD000001E6602868FA6D2A0,127500449,2022-04-07 16:06:04.555,SALE
160,000139427463,3BD00000213DFA1E8FA6E3DB,139427463,2022-04-07 14:13:39.624,SALE
160,000141500060,3BD0000021BC7A728FA6D18B,141500060,2022-04-07 14:18:13.817,SALE
160,000133025666,3BD000001FB73E0A8FA6ED4F,133025666,2022-04-05 18:07:30.003,SALE
160,000104455968,3BD0000018E77C828FA8B48F,104455968,2022-04-07 12:08:13.747,SALE
160,000142155464,3BD0000021E47B228FA6D6C3,142155464,2022-04-07 15:56:35.105,SALE
160,000142203428,3BD0000021E768928FA6D12A,142203428,2022-04-07 12:34:30.019,SALE
160,000132152278,3BD000001F81EF5A8FA71869,132152278,2022-04-07 12:53:41.896,SALE
160,000127429467,3BD000001E61AD6E8FA8B05E,127429467,2022-04-07 12:56:28.001,SALE
160,000142201207,3BD0000021E745DE8FA6DAA9,142201207,2022-04-06 17:18:55.668,SALE
160,,3BD000001A3FFE528FA6E0BC,110100372,2022-04-06 11:39:08.794,RETURN
160,000142250272,3BD0000021EA44828FA6D9DD,142250272,2022-04-05 12:31:16.010,SALE
160,000142275179,3BD0000021EBC9AE8FA6D3B7,142275179,2022-04-05 12:34:02.212,SALE
160,000114825573,3BD000001B6065968FA78C0D,114825573,2022-04-05 12:47:55.035,SALE
160,000142225553,3BD0000021E8C2468FA6D7C6,142225553,2022-04-05 13:15:19.920,SALE
160,000003784059,3BD0000000E6F5EE8FA71951,3784059,2022-04-05 12:57:07.127,SALE
160,,3BD0000021E5D2DE8FA6D162,142177463,2022-04-05 12:25:28.476,RETURN
160,000123026891,3BD000001D54F72E8FA73491,123026891,2022-04-05 10:37:42.191,SALE
160,000142177319,3BD0000021E5D09E8FA6D27D,142177319,2022-04-07 13:15:58.758,SALE
160,000136300463,3BD00000207F1EBE8FA6D525,136300463,2022-04-06 20:43:58.082,SALE
160,000003802275,3BD0000000E8128E8FA797F6,3802275,2022-04-07 10:13:05.978,SALE
160,000142154869,3BD0000021E471D68FA6F08D,142154869,2022-04-06 20:18:19.397,SALE
160,,3BD0000021E4BC3E8FA6D0FB,142159631,2022-04-06 20:31:47.597,RETURN
160,000142154376,3BD0000021E46A228FA6D500,142154376,2022-04-05 14:54:04.038,SALE
160,,3BD0000021EBD1868FA6D5AE,142275681,2022-04-05 15:02:16.535,RETURN
160,000142154365,3BD0000021E469F68FA6E547,142154365,2022-04-06 18:14:08.502,SALE
160,000142350211,3BD0000021F05E0E8FA6FA54,142350211,2022-04-06 18:43:58.269,SALE
160,000143550873,3BD000002239A6668FA6E8D1,143550873,2022-04-06 14:23:52.204,SALE
160,000127550273,3BD000001E690D068FA71FD6,127550273,2022-04-06 14:35:02.804,SALE
160,000142250527,3BD0000021EA487E8FA6DE06,142250527,2022-04-06 15:01:27.502,SALE
160,000142326822,3BD0000021EEF09A8FA6D690,142326822,2022-04-06 15:43:41.743,SALE
160,000136226125,3BD00000207A95368FA6F79B,136226125,2022-04-06 15:54:23.625,SALE
160,000133875148,3BD000001FEB17328FA6E42E,133875148,2022-04-05 18:46:11.199,SALE
160,000003818305,3BD0000000E90D068FA78951,3818305,2022-04-05 15:45:17.318,SALE
160,000117250047,3BD000001BF45FFE8FA72170,117250047,2022-04-05 15:50:58.292,SALE
160,000117401863,3BD000001BFDA41E8FA6EB08,117401863,2022-04-05 16:20:20.567,SALE
160,,3BD00000219C6FD28FA6D1FB,140975092,2022-04-05 16:27:47.556,RETURN
160,000139325065,3BD000002137BA268FA785CC,139325065,2022-04-06 11:53:20.534,SALE
160,000141025077,3BD00000219F7CD68FA6D2FF,141025077,2022-04-06 12:05:50.310,SALE
160,000132126442,3BD000001F805BAA8FA6FE30,132126442,2022-04-05 20:02:34.968,SALE
160,000117376320,3BD000001BFC15028FA88982,117376320,2022-04-05 20:35:14.572,SALE
160,000126925089,3BD000001E42E4868FA6D271,126925089,2022-04-05 20:27:49.270,SALE
160,000136576094,3BD00000208FF17A8FA6D130,136576094,2022-04-05 20:33:23.087,SALE
160,000142250173,3BD0000021EA42F68FA70970,142250173,2022-04-05 10:50:03.695,SALE
160,000136554286,3BD00000208E9CBA8FA7402F,136554286,2022-04-05 11:38:21.124,SALE
160,000139425530,3BD00000213DDBEA8FA6D938,139425530,2022-04-05 12:03:00.000,SALE
160,000003834041,3BD0000000EA02E68FA71527,3834041,2022-04-05 11:21:11.600,SALE
160,000142159193,3BD0000021E4B5668FA6D4A2,142159193,2022-04-05 12:02:50.460,SALE
160,000143509244,3BD0000022371BF28FA71BAD,143509244,2022-04-07 15:05:36.045,SALE
160,,3BD00000213DD7428FA6D2BA,139425232,2022-04-07 14:44:05.781,RETURN
160,000127500155,3BD000001E65FDEE8FA7810C,127500155,2022-04-05 17:07:35.018,SALE
160,000110026604,3BD000001A3B7DB28FA7B47D,110026604,2022-04-05 18:09:59.688,SALE
160,000003821493,3BD0000000E93ED68FA7D2FC,3821493,2022-04-05 17:09:40.700,SALE
160,000127676693,3BD000001E70C4568FA6E453,127676693,2022-04-05 18:01:45.871,SALE
160,000143509244,3BD0000022371BF28FA723D1,143509244,2022-04-07 16:24:34.376,SALE
160,000142154942,3BD0000021E472FA8FA6D19B,142154942,2022-04-07 15:31:08.368,SALE
160,000136275213,3BD00000207D94368FA72FC0,136275213,2022-04-07 12:15:49.175,SALE
160,000127450073,3BD000001E62EF668FA6E672,127450073,2022-04-07 12:46:11.407,SALE
160,000142253864,3BD0000021EA7CA28FA6DF64,142253864,2022-04-07 13:35:06.375,SALE
160,,3BD000001F8048568FB7EA85,132125205,2022-04-07 16:10:22.912,RETURN
160,000141400335,3BD0000021B6643E8FA6DB56,141400335,2022-04-06 11:29:01.315,SALE
160,000142254589,3BD0000021EA87F68FA6D2A8,142254589,2022-04-06 17:38:05.081,SALE
160,000142227524,3BD0000021E8E1128FA6DB60,142227524,2022-04-06 16:41:17.757,SALE
160,000136576094,3BD00000208FF17A8FA6D130,136576094,2022-04-05 13:31:09.333,SALE
160,000114804670,3BD000001B5F1EFA8FAA7EAA,114804670,2022-04-05 12:41:24.865,SALE
160,000132302036,3BD000001F8B13528FA74606,132302036,2022-04-05 13:00:43.818,SALE
160,,3BD000001D34CF128FA7288F,122500036,2022-04-05 12:37:30.483,RETURN
160,000139551656,3BD0000021458EA28FA70483,139551656,2022-04-07 16:21:50.565,SALE
160,000142350563,3BD0000021F0638E8FA6DB39,142350563,2022-04-07 11:13:15.106,SALE
160,000122850271,3BD000001D4A2F7E8FA6F332,122850271,2022-04-05 14:14:46.445,SALE
160,000003821493,3BD0000000E93ED68FA7D2FE,3821493,2022-04-05 14:33:46.787,SALE
160,000117150797,3BD000001BEE51368FA706DC,117150797,2022-04-06 19:52:04.426,SALE
160,000132925322,3BD000001FB11E2A8FA6E48E,132925322,2022-04-06 14:27:55.322,SALE
160,,3BD0000021E5CADA8FA6D8A3,142176950,2022-04-06 18:39:06.773,RETURN
160,000142161414,3BD0000021E4D81A8FA6D197,142161414,2022-04-06 15:15:29.089,SALE
160,000142500085,3BD0000021F983D68FB3E54D,142500085,2022-04-06 15:52:55.944,SALE
160,,3BD0000021E5C06A8FA6D3FE,142176282,2022-04-06 16:11:14.531,RETURN
160,000117376359,3BD000001BFC159E8FB0CA1D,117376359,2022-04-05 16:41:45.060,SALE
160,,3BD0000021C8B0268FA6D2D8,141700105,2022-04-05 15:45:08.601,RETURN
160,000117377921,3BD000001BFC2E068FAD5ADE,117377921,2022-04-05 12:20:17.585,SALE
160,000142155747,3BD0000021E47F8E8FA6D1AF,142155747,2022-04-05 12:54:37.672,SALE
160,000142350110,3BD0000021F05C7A8FA6D27B,142350110,2022-04-05 13:19:44.996,SALE
160,000104455630,3BD0000018E7773A8FA7F3F0,104455630,2022-04-05 13:36:46.000,SALE
160,000127550275,3BD000001E690D0E8FA70A8A,127550275,2022-04-06 11:52:03.050,SALE
160,000117376352,3BD000001BFC15828FAC65C8,117376352,2022-04-06 13:05:55.344,SALE
160,000117376359,3BD000001BFC159E8FB0DC80,117376359,2022-04-05 19:45:36.992,SALE
160,000142155356,3BD0000021E479728FA6D4E6,142155356,2022-04-05 21:04:18.164,SALE
160,000142154343,3BD0000021E4699E8FA6D576,142154343,2022-04-06 13:05:27.578,SALE
160,000142155202,3BD0000021E4770A8FA6D5C7,142155202,2022-04-05 20:03:55.531,SALE
160,000142154529,3BD0000021E46C868FA6D5CF,142154529,2022-04-05 20:10:58.845,SALE
160,000133775053,3BD000001FE4FB368FA6E239,133775053,2022-04-05 13:43:46.345,SALE
160,000136300474,3BD00000207F1EEA8FA6E782,136300474,2022-04-05 14:44:25.835,SALE
160,000110026275,3BD000001A3B788E8FA6E054,110026275,2022-04-05 14:26:48.568,SALE
160,000142158292,3BD0000021E4A7528FA6D2EE,142158292,2022-04-05 11:13:14.333,SALE
160,000136554250,3BD00000208E9C2A8FA6F7F6,136554250,2022-04-07 15:32:04.708,SALE
160,000142152101,3BD0000021E446968FA6DA6C,142152101,2022-04-07 14:06:41.400,SALE
160,000140625082,3BD00000218712EA8FA6DD44,140625082,2022-04-07 14:50:16.915,SALE
160,000142326265,3BD0000021EEE7E68FA6D88F,142326265,2022-04-07 14:15:34.492,SALE
160,000140200049,3BD00000216D21C68FA6D546,140200049,2022-04-07 13:32:16.308,SALE
160,000113775038,3BD000001B2046FA8FA7F7BF,113775038,2022-04-07 13:45:01.210,SALE
160,000132126048,3BD000001F8055828FA6DDC4,132126048,2022-04-07 15:52:10.649,SALE
160,000104457374,3BD0000018E7927A8FA71CAE,104457374,2022-04-07 12:26:47.192,SALE
160,000114750545,3BD000001B5BD1468FA78E56,114750545,2022-04-07 12:55:21.254,SALE
160,000142177327,3BD0000021E5D0BE8FA6EDA0,142177327,2022-04-07 13:11:18.399,SALE
160,000127651547,3BD000001E6F3B6E8FA870FF,127651547,2022-04-06 16:28:09.825,SALE
160,000132302036,3BD000001F8B13528FA74654,132302036,2022-04-06 17:38:51.082,SALE
160,000132302031,3BD000001F8B133E8FA706F8,132302031,2022-04-06 16:48:57.834,SALE
160,000127651549,3BD000001E6F3B768FA892AC,127651549,2022-04-06 18:04:25.028,SALE
160,,3BD00000208E9C8A8FA76F29,136554274,2022-04-06 17:42:45.999,RETURN
160,,3BD0000021B668D28FA6D295,141400628,2022-04-06 17:58:39.994,RETURN
160,000142154872,3BD0000021E471E28FA6DA2F,142154872,2022-04-07 15:28:20.078,SALE
160,000142500085,3BD0000021F983D68FB4A992,142500085,2022-04-06 20:50:36.597,SALE
160,000136351977,3BD00000208243A68FAA080C,136351977,2022-04-06 19:01:57.231,SALE
160,000132375702,3BD000001F8F925A8FA73077,132375702,2022-04-06 19:33:53.951,SALE
160,000142157274,3BD0000021E4976A8FA6D197,142157274,2022-04-06 13:58:20.556,SALE
160,000142250409,3BD0000021EA46A68FA6D115,142250409,2022-04-06 14:09:42.217,SALE
160,000142160468,3BD0000021E4C9528FA6FA6D,142160468,2022-04-06 14:33:20.369,SALE
160,000142350168,3BD0000021F05D628FA708D3,142350168,2022-04-06 19:03:34.842,SALE
160,000136325068,3BD0000020809F328FA6E2C9,136325068,2022-04-06 19:25:23.798,SALE
160,000142150140,3BD0000021E427F28FA6D126,142150140,2022-04-06 14:25:55.112,SALE
160,000117400664,3BD000001BFD91628FA8076D,117400664,2022-04-06 15:51:14.229,SALE
160,000142500085,3BD0000021F983D68FB4A3F8,142500085,2022-04-06 16:10:46.920,SALE
160,000104457741,3BD0000018E798368FA7EBF9,104457741,2022-04-05 15:09:52.949,SALE
160,000122826242,3BD000001D48B80A8FA6E0C1,122826242,2022-04-05 15:10:56.016,SALE
160,,3BD0000021E7475E8FA6D5A4,142201303,2022-04-07 13:38:47.638,RETURN
160,000141025081,3BD00000219F7CE68FA6D0EA,141025081,2022-04-06 12:05:35.290,SALE
160,000113125941,3BD000001AF8A8D68FA7E92C,113125941,2022-04-06 12:35:44.174,SALE
160,000142154189,3BD0000021E467368FA6DE1B,142154189,2022-04-05 19:29:48.399,SALE
160,000117400909,3BD000001BFD95368FA81EAB,117400909,2022-04-05 19:53:29.429,SALE
160,000142201634,3BD0000021E74C8A8FA6D472,142201634,2022-04-05 20:49:36.436,SALE
160,000142152106,3BD0000021E446AA8FA6E7A8,142152106,2022-04-05 11:15:29.684,SALE
160,000142150582,3BD0000021E42EDA8FA70A2D,142150582,2022-04-05 11:35:10.087,SALE
160,000142200677,3BD0000021E73D968FA6DAEE,142200677,2022-04-07 15:27:09.401,SALE
160,000123025328,3BD000001D54DEC28FA7BCF8,123025328,2022-04-07 14:30:20.751,SALE
160,000141700202,3BD0000021C8B1AA8FA6D345,141700202,2022-04-07 15:23:19.266,SALE
160,000142500085,3BD0000021F983D68FB3F3BD,142500085,2022-04-07 13:59:54.883,SALE
160,,3BD000001BFD95368FA81E5F,117400909,2022-04-07 14:11:05.257,RETURN
160,000142154353,3BD0000021E469C68FA6D4DD,142154353,2022-04-05 18:25:23.532,SALE
160,000127600422,3BD000001E6C1C9A8FA79FD8,127600422,2022-04-05 18:26:09.771,SALE
160,000127825496,3BD000001E79D9628FA75C9E,127825496,2022-04-07 15:53:02.807,SALE
160,000139551399,3BD0000021458A9E8FA6D2F0,139551399,2022-04-07 12:01:26.388,SALE
160,000127429443,3BD000001E61AD0E8FA7B3DA,127429443,2022-04-07 12:28:50.672,SALE
160,000142150497,3BD0000021E42D868FA6E4BC,142150497,2022-04-07 12:29:41.314,SALE
160,000142350137,3BD0000021F05CE68FA6D23E,142350137,2022-04-06 17:25:40.994,SALE
160,000107382807,3BD00000199A205E8FA880C6,107382807,2022-04-06 11:22:12.594,SALE
160,000104458013,3BD0000018E79C768FAE382D,104458013,2022-04-06 18:03:14.912,SALE
160,,3BD0000021E759168FA6D180,142202437,2022-04-06 17:15:12.442,RETURN
160,000142159072,3BD0000021E4B3828FA6D4AE,142159072,2022-04-05 12:09:16.802,SALE
160,000117450040,3BD000001C0094E28FA6DC07,117450040,2022-04-05 12:26:33.024,SALE
160,000142161375,3BD0000021E4D77E8FA6D122,142161375,2022-04-05 12:33:00.343,SALE
160,,3BD0000021E5DCC28FA6E8CE,142178096,2022-04-05 13:36:06.301,RETURN
160,000142203103,3BD0000021E7637E8FA6DF7D,142203103,2022-04-05 10:26:50.355,SALE
160,000142152375,3BD0000021E44ADE8FA6D923,142152375,2022-04-06 20:19:45.038,SALE
160,000142326284,3BD0000021EEE8328FA6D4FD,142326284,2022-04-07 11:35:33.843,SALE
160,000132157657,3BD000001F8243668FA7776B,132157657,2022-04-06 20:52:42.918,SALE
160,,3BD000001D51D7D68FA745B3,122975733,2022-04-06 20:11:56.332,RETURN
160,000139575320,3BD00000214700628FA6E70F,139575320,2022-04-07 11:12:00.978,SALE
160,000127550267,3BD000001E690CEE8FA6FA4A,127550267,2022-04-05 14:17:04.358,SALE
160,000142500085,3BD0000021F983D68FB4A3C3,142500085,2022-04-05 14:41:10.717,SALE
160,000142154871,3BD0000021E471DE8FA6E4DD,142154871,2022-04-06 18:38:25.517,SALE
160,000117377921,3BD000001BFC2E068FAD8D37,117377921,2022-04-06 13:15:15.562,SALE
160,000143509244,3BD0000022371BF28FA72CC5,143509244,2022-04-06 13:18:53.586,SALE
160,000142250855,3BD0000021EA4D9E8FA6D7C2,142250855,2022-04-06 13:17:12.505,SALE
160,000142152219,3BD0000021E4486E8FA6DE88,142152219,2022-04-06 14:15:25.978,SALE
160,,3BD000001999D7AABC5ACC41,107378154,2022-04-06 14:07:31.908,RETURN