INSERT INTO Stores (id, storeName, storeNumber) VALUES ('1597647a-7056-3fe9-94c1-ae5c9d16d69b', 'Metrotown', 160);
INSERT INTO Stores (id, storeName, storeNumber) VALUES ('d4f87b6f-5199-43ac-b231-fbe6e3a8039c', 'West Ed', 350);


INSERT RegionBoundaries (region, x, y) VALUES ('1c0ec7a0-f329-3676-bcab-ac534ba2b8c6', 360, 214);
INSERT RegionBoundaries (region, x, y) VALUES ('1c0ec7a0-f329-3676-bcab-ac534ba2b8c6', 597, 214);
INSERT RegionBoundaries (region, x, y) VALUES ('1c0ec7a0-f329-3676-bcab-ac534ba2b8c6', 597, 60);
INSERT RegionBoundaries (region, x, y) VALUES ('1c0ec7a0-f329-3676-bcab-ac534ba2b8c6', 360, 60);
INSERT RegionBoundaries (region, x, y) VALUES ('1f42ddfe-e434-360c-9ac6-352d05e11c4e', 654, 214);
INSERT RegionBoundaries (region, x, y) VALUES ('1f42ddfe-e434-360c-9ac6-352d05e11c4e', 873, 214);
INSERT RegionBoundaries (region, x, y) VALUES ('1f42ddfe-e434-360c-9ac6-352d05e11c4e', 873, 60);
INSERT RegionBoundaries (region, x, y) VALUES ('1f42ddfe-e434-360c-9ac6-352d05e11c4e', 654, 60);
INSERT RegionBoundaries (region, x, y) VALUES ('8c398284-8bc5-3cc2-a726-ea13fd1853d6', 909, 214);
INSERT RegionBoundaries (region, x, y) VALUES ('8c398284-8bc5-3cc2-a726-ea13fd1853d6', 873, 214);
INSERT RegionBoundaries (region, x, y) VALUES ('8c398284-8bc5-3cc2-a726-ea13fd1853d6', 654, 214);
INSERT RegionBoundaries (region, x, y) VALUES ('8c398284-8bc5-3cc2-a726-ea13fd1853d6', 597, 214);
INSERT RegionBoundaries (region, x, y) VALUES ('8c398284-8bc5-3cc2-a726-ea13fd1853d6', 360, 214);
INSERT RegionBoundaries (region, x, y) VALUES ('8c398284-8bc5-3cc2-a726-ea13fd1853d6', 314, 214);
INSERT RegionBoundaries (region, x, y) VALUES ('8c398284-8bc5-3cc2-a726-ea13fd1853d6', 314, 756);
INSERT RegionBoundaries (region, x, y) VALUES ('8c398284-8bc5-3cc2-a726-ea13fd1853d6', 332, 756);
INSERT RegionBoundaries (region, x, y) VALUES ('8c398284-8bc5-3cc2-a726-ea13fd1853d6', 332, 847);
INSERT RegionBoundaries (region, x, y) VALUES ('8c398284-8bc5-3cc2-a726-ea13fd1853d6', 710, 847);
INSERT RegionBoundaries (region, x, y) VALUES ('8c398284-8bc5-3cc2-a726-ea13fd1853d6', 710, 1063);
INSERT RegionBoundaries (region, x, y) VALUES ('8c398284-8bc5-3cc2-a726-ea13fd1853d6', 909, 1063);
INSERT RegionBoundaries (region, x, y) VALUES ('859a29fc-32dd-3a5f-8812-43e3c7ca2814', 360, 214);
INSERT RegionBoundaries (region, x, y) VALUES ('859a29fc-32dd-3a5f-8812-43e3c7ca2814', 360, 336);
INSERT RegionBoundaries (region, x, y) VALUES ('859a29fc-32dd-3a5f-8812-43e3c7ca2814', 597, 336);
INSERT RegionBoundaries (region, x, y) VALUES ('859a29fc-32dd-3a5f-8812-43e3c7ca2814', 597, 214);
INSERT RegionBoundaries (region, x, y) VALUES ('c7724c3a-3c04-3dc2-a354-e3212c404e46', 332, 847);
INSERT RegionBoundaries (region, x, y) VALUES ('c7724c3a-3c04-3dc2-a354-e3212c404e46', 332, 1063);
INSERT RegionBoundaries (region, x, y) VALUES ('c7724c3a-3c04-3dc2-a354-e3212c404e46', 710, 1063);
INSERT RegionBoundaries (region, x, y) VALUES ('c7724c3a-3c04-3dc2-a354-e3212c404e46', 710, 847);
INSERT RegionBoundaries (region, x, y) VALUES ('bc2f83ad-7a19-3b25-be0b-19db2e193fed', 654, 214);
INSERT RegionBoundaries (region, x, y) VALUES ('bc2f83ad-7a19-3b25-be0b-19db2e193fed', 654, 336);
INSERT RegionBoundaries (region, x, y) VALUES ('bc2f83ad-7a19-3b25-be0b-19db2e193fed', 873, 336);
INSERT RegionBoundaries (region, x, y) VALUES ('bc2f83ad-7a19-3b25-be0b-19db2e193fed', 873, 214);
INSERT RegionBoundaries (region, x, y) VALUES ('36c8f99a-81c8-3b86-aaa6-f2e528a011c8', 332, 834);
INSERT RegionBoundaries (region, x, y) VALUES ('36c8f99a-81c8-3b86-aaa6-f2e528a011c8', 432, 834);
INSERT RegionBoundaries (region, x, y) VALUES ('36c8f99a-81c8-3b86-aaa6-f2e528a011c8', 432, 791);
INSERT RegionBoundaries (region, x, y) VALUES ('36c8f99a-81c8-3b86-aaa6-f2e528a011c8', 332, 791);
INSERT RegionBoundaries (region, x, y) VALUES ('e02ac29a-23e1-3e36-bff4-d3968d2b3d79', 540, 750);
INSERT RegionBoundaries (region, x, y) VALUES ('e02ac29a-23e1-3e36-bff4-d3968d2b3d79', 708, 750);
INSERT RegionBoundaries (region, x, y) VALUES ('e02ac29a-23e1-3e36-bff4-d3968d2b3d79', 708, 675);
INSERT RegionBoundaries (region, x, y) VALUES ('e02ac29a-23e1-3e36-bff4-d3968d2b3d79', 540, 675);
INSERT RegionBoundaries (region, x, y) VALUES ('2e5aee59-c111-3c9b-9357-c0cfb863527f', 516, 750);
INSERT RegionBoundaries (region, x, y) VALUES ('2e5aee59-c111-3c9b-9357-c0cfb863527f', 540, 750);
INSERT RegionBoundaries (region, x, y) VALUES ('2e5aee59-c111-3c9b-9357-c0cfb863527f', 540, 675);
INSERT RegionBoundaries (region, x, y) VALUES ('2e5aee59-c111-3c9b-9357-c0cfb863527f', 708, 675);
INSERT RegionBoundaries (region, x, y) VALUES ('2e5aee59-c111-3c9b-9357-c0cfb863527f', 708, 750);
INSERT RegionBoundaries (region, x, y) VALUES ('2e5aee59-c111-3c9b-9357-c0cfb863527f', 732, 750);
INSERT RegionBoundaries (region, x, y) VALUES ('2e5aee59-c111-3c9b-9357-c0cfb863527f', 732, 624);
INSERT RegionBoundaries (region, x, y) VALUES ('2e5aee59-c111-3c9b-9357-c0cfb863527f', 516, 624);
INSERT RegionBoundaries (region, x, y) VALUES ('fe009192-4aec-3586-acf4-253710a66b3a', 314, 380);
INSERT RegionBoundaries (region, x, y) VALUES ('fe009192-4aec-3586-acf4-253710a66b3a', 183, 380);
INSERT RegionBoundaries (region, x, y) VALUES ('fe009192-4aec-3586-acf4-253710a66b3a', 183, 410);
INSERT RegionBoundaries (region, x, y) VALUES ('fe009192-4aec-3586-acf4-253710a66b3a', 129, 410);
INSERT RegionBoundaries (region, x, y) VALUES ('fe009192-4aec-3586-acf4-253710a66b3a', 129, 985);
INSERT RegionBoundaries (region, x, y) VALUES ('fe009192-4aec-3586-acf4-253710a66b3a', 170, 985);
INSERT RegionBoundaries (region, x, y) VALUES ('fe009192-4aec-3586-acf4-253710a66b3a', 170, 1008);
INSERT RegionBoundaries (region, x, y) VALUES ('fe009192-4aec-3586-acf4-253710a66b3a', 132, 1008);
INSERT RegionBoundaries (region, x, y) VALUES ('fe009192-4aec-3586-acf4-253710a66b3a', 132, 1063);
INSERT RegionBoundaries (region, x, y) VALUES ('fe009192-4aec-3586-acf4-253710a66b3a', 332, 1063);
INSERT RegionBoundaries (region, x, y) VALUES ('fe009192-4aec-3586-acf4-253710a66b3a', 332, 756);
INSERT RegionBoundaries (region, x, y) VALUES ('fe009192-4aec-3586-acf4-253710a66b3a', 314, 756);
INSERT RegionBoundaries (region, x, y) VALUES ('d1e7f6c4-c6a0-3830-b3dc-8af07118356c', 132, 1063);
INSERT RegionBoundaries (region, x, y) VALUES ('d1e7f6c4-c6a0-3830-b3dc-8af07118356c', 282, 1063);
INSERT RegionBoundaries (region, x, y) VALUES ('d1e7f6c4-c6a0-3830-b3dc-8af07118356c', 282, 996);
INSERT RegionBoundaries (region, x, y) VALUES ('d1e7f6c4-c6a0-3830-b3dc-8af07118356c', 234, 985);
INSERT RegionBoundaries (region, x, y) VALUES ('d1e7f6c4-c6a0-3830-b3dc-8af07118356c', 170, 985);
INSERT RegionBoundaries (region, x, y) VALUES ('d1e7f6c4-c6a0-3830-b3dc-8af07118356c', 170, 1008);
INSERT RegionBoundaries (region, x, y) VALUES ('d1e7f6c4-c6a0-3830-b3dc-8af07118356c', 132, 1008);
INSERT RegionBoundaries (region, x, y) VALUES ('b7e1e777-f49f-3fb7-a5e6-5538a733081d', 332, 834);
INSERT RegionBoundaries (region, x, y) VALUES ('b7e1e777-f49f-3fb7-a5e6-5538a733081d', 332, 791);
INSERT RegionBoundaries (region, x, y) VALUES ('b7e1e777-f49f-3fb7-a5e6-5538a733081d', 234, 791);
INSERT RegionBoundaries (region, x, y) VALUES ('b7e1e777-f49f-3fb7-a5e6-5538a733081d', 234, 834);
INSERT RegionBoundaries (region, x, y) VALUES ('8a1b0e95-ffa9-351a-9a9a-8f596b4757bd', 282, 996);
INSERT RegionBoundaries (region, x, y) VALUES ('8a1b0e95-ffa9-351a-9a9a-8f596b4757bd', 332, 996);
INSERT RegionBoundaries (region, x, y) VALUES ('8a1b0e95-ffa9-351a-9a9a-8f596b4757bd', 332, 834);
INSERT RegionBoundaries (region, x, y) VALUES ('8a1b0e95-ffa9-351a-9a9a-8f596b4757bd', 234, 834);
INSERT RegionBoundaries (region, x, y) VALUES ('8a1b0e95-ffa9-351a-9a9a-8f596b4757bd', 234, 985);

INSERT Regions (id, regionName, xHome, yHome) VALUES ('1c0ec7a0-f329-3676-bcab-ac534ba2b8c6', 'StoreExit-1', 478.5, 137);
INSERT Regions (id, regionName, xHome, yHome) VALUES ('1f42ddfe-e434-360c-9ac6-352d05e11c4e', 'StoreExit-2', 763.5, 137);
INSERT Regions (id, regionName, xHome, yHome) VALUES ('2e5aee59-c111-3c9b-9357-c0cfb863527f', 'NrMainCheckout', 624, 699.75);
INSERT Regions (id, regionName, xHome, yHome) VALUES ('36c8f99a-81c8-3b86-aaa6-f2e528a011c8', 'NrTransitionToBack', 382, 812.5);
INSERT Regions (id, regionName, xHome, yHome) VALUES ('859a29fc-32dd-3a5f-8812-43e3c7ca2814', 'NearStoreExit-1', 478.5, 275);
INSERT Regions (id, regionName, xHome, yHome) VALUES ('8a1b0e95-ffa9-351a-9a9a-8f596b4757bd', 'SortingArea', 282.8, 929);
INSERT Regions (id, regionName, xHome, yHome) VALUES ('8c398284-8bc5-3cc2-a726-ea13fd1853d6', 'SalesFloor', 584.5, 551.33333333333337);
INSERT Regions (id, regionName, xHome, yHome) VALUES ('b7e1e777-f49f-3fb7-a5e6-5538a733081d', 'NrTransitionToFront', 283, 812.5);
INSERT Regions (id, regionName, xHome, yHome) VALUES ('bc2f83ad-7a19-3b25-be0b-19db2e193fed', 'NearStoreExit-2', 763.5, 275);
INSERT Regions (id, regionName, xHome, yHome) VALUES ('c7724c3a-3c04-3dc2-a354-e3212c404e46', 'FittingRoomArea', 521, 955);
INSERT Regions (id, regionName, xHome, yHome) VALUES ('d1e7f6c4-c6a0-3830-b3dc-8af07118356c', 'BackExit', 200.28571428571428, 1015.4285714285714);
INSERT Regions (id, regionName, xHome, yHome) VALUES ('e02ac29a-23e1-3e36-bff4-d3968d2b3d79', 'MainCheckout', 624, 712.5);
INSERT Regions (id, regionName, xHome, yHome) VALUES ('fe009192-4aec-3586-acf4-253710a66b3a', 'BackRoom', 210, 767);
UPDATE Regions SET storeId='1597647a-7056-3fe9-94c1-ae5c9d16d69b';

INSERT INTO Products (sku, deptCode, deptName, subDeptCode, subDeptName, classCode,className, subClassCode, subClassName, styleCode, styleName, price) SELECT sku, deptCode, deptName, subDeptCode, subDeptName, classCode, className, subClassCode, subClassName, styleCode, styleName, MAX(price) FROM TestProducts GROUP BY sku, deptCode, deptName, subDeptCode, subDeptName, classCode, className, subClassCode, subClassName, styleCode, styleName;
