INSERT INTO Stores (id, storeName, storeNumber) VALUES ('1597647a-7056-3fe9-94c1-ae5c9d16d69b', 'Metrotown', 160);
INSERT INTO Stores (id, storeName, storeNumber) VALUES ('d4f87b6f-5199-43ac-b231-fbe6e3a8039c', 'West Ed', 350);


INSERT RegionBoundaries (region, x, y) VALUES ('1c0ec7a0-f329-3676-bcab-ac534ba2b8c6', 360, 214);
INSERT RegionBoundaries (region, x, y) VALUES ('1c0ec7a0-f329-3676-bcab-ac534ba2b8c6', 597, 214);
INSERT RegionBoundaries (region, x, y) VALUES ('1c0ec7a0-f329-3676-bcab-ac534ba2b8c6', 597, 60);
INSERT RegionBoundaries (region, x, y) VALUES ('1c0ec7a0-f329-3676-bcab-ac534ba2b8c6', 360, 60);
INSERT RegionBoundaries (region, x, y) VALUES ('1f42ddfe-e434-360c-9ac6-352d05e11c4e', 654, 214);
INSERT RegionBoundaries (region, x, y) VALUES ('1f42ddfe-e434-360c-9ac6-352d05e11c4e', 873, 214);
INSERT RegionBoundaries (region, x, y) VALUES ('1f42ddfe-e434-360c-9ac6-352d05e11c4e', 873, 60);
INSERT RegionBoundaries (region, x, y) VALUES ('1f42ddfe-e434-360c-9ac6-352d05e11c4e', 654, 60);
INSERT RegionBoundaries (region, x, y) VALUES ('8c398284-8bc5-3cc2-a726-ea13fd1853d6', 909, 214);
INSERT RegionBoundaries (region, x, y) VALUES ('8c398284-8bc5-3cc2-a726-ea13fd1853d6', 873, 214);
INSERT RegionBoundaries (region, x, y) VALUES ('8c398284-8bc5-3cc2-a726-ea13fd1853d6', 654, 214);
INSERT RegionBoundaries (region, x, y) VALUES ('8c398284-8bc5-3cc2-a726-ea13fd1853d6', 597, 214);
INSERT RegionBoundaries (region, x, y) VALUES ('8c398284-8bc5-3cc2-a726-ea13fd1853d6', 360, 214);
INSERT RegionBoundaries (region, x, y) VALUES ('8c398284-8bc5-3cc2-a726-ea13fd1853d6', 314, 214);
INSERT RegionBoundaries (region, x, y) VALUES ('8c398284-8bc5-3cc2-a726-ea13fd1853d6', 314, 756);
INSERT RegionBoundaries (region, x, y) VALUES ('8c398284-8bc5-3cc2-a726-ea13fd1853d6', 332, 756);
INSERT RegionBoundaries (region, x, y) VALUES ('8c398284-8bc5-3cc2-a726-ea13fd1853d6', 332, 847);
INSERT RegionBoundaries (region, x, y) VALUES ('8c398284-8bc5-3cc2-a726-ea13fd1853d6', 710, 847);
INSERT RegionBoundaries (region, x, y) VALUES ('8c398284-8bc5-3cc2-a726-ea13fd1853d6', 710, 1063);
INSERT RegionBoundaries (region, x, y) VALUES ('8c398284-8bc5-3cc2-a726-ea13fd1853d6', 909, 1063);
INSERT RegionBoundaries (region, x, y) VALUES ('859a29fc-32dd-3a5f-8812-43e3c7ca2814', 360, 214);
INSERT RegionBoundaries (region, x, y) VALUES ('859a29fc-32dd-3a5f-8812-43e3c7ca2814', 360, 336);
INSERT RegionBoundaries (region, x, y) VALUES ('859a29fc-32dd-3a5f-8812-43e3c7ca2814', 597, 336);
INSERT RegionBoundaries (region, x, y) VALUES ('859a29fc-32dd-3a5f-8812-43e3c7ca2814', 597, 214);
INSERT RegionBoundaries (region, x, y) VALUES ('c7724c3a-3c04-3dc2-a354-e3212c404e46', 332, 847);
INSERT RegionBoundaries (region, x, y) VALUES ('c7724c3a-3c04-3dc2-a354-e3212c404e46', 332, 1063);
INSERT RegionBoundaries (region, x, y) VALUES ('c7724c3a-3c04-3dc2-a354-e3212c404e46', 710, 1063);
INSERT RegionBoundaries (region, x, y) VALUES ('c7724c3a-3c04-3dc2-a354-e3212c404e46', 710, 847);
INSERT RegionBoundaries (region, x, y) VALUES ('bc2f83ad-7a19-3b25-be0b-19db2e193fed', 654, 214);
INSERT RegionBoundaries (region, x, y) VALUES ('bc2f83ad-7a19-3b25-be0b-19db2e193fed', 654, 336);
INSERT RegionBoundaries (region, x, y) VALUES ('bc2f83ad-7a19-3b25-be0b-19db2e193fed', 873, 336);
INSERT RegionBoundaries (region, x, y) VALUES ('bc2f83ad-7a19-3b25-be0b-19db2e193fed', 873, 214);
INSERT RegionBoundaries (region, x, y) VALUES ('36c8f99a-81c8-3b86-aaa6-f2e528a011c8', 332, 834);
INSERT RegionBoundaries (region, x, y) VALUES ('36c8f99a-81c8-3b86-aaa6-f2e528a011c8', 432, 834);
INSERT RegionBoundaries (region, x, y) VALUES ('36c8f99a-81c8-3b86-aaa6-f2e528a011c8', 432, 791);
INSERT RegionBoundaries (region, x, y) VALUES ('36c8f99a-81c8-3b86-aaa6-f2e528a011c8', 332, 791);
INSERT RegionBoundaries (region, x, y) VALUES ('e02ac29a-23e1-3e36-bff4-d3968d2b3d79', 540, 750);
INSERT RegionBoundaries (region, x, y) VALUES ('e02ac29a-23e1-3e36-bff4-d3968d2b3d79', 708, 750);
INSERT RegionBoundaries (region, x, y) VALUES ('e02ac29a-23e1-3e36-bff4-d3968d2b3d79', 708, 675);
INSERT RegionBoundaries (region, x, y) VALUES ('e02ac29a-23e1-3e36-bff4-d3968d2b3d79', 540, 675);
INSERT RegionBoundaries (region, x, y) VALUES ('2e5aee59-c111-3c9b-9357-c0cfb863527f', 516, 750);
INSERT RegionBoundaries (region, x, y) VALUES ('2e5aee59-c111-3c9b-9357-c0cfb863527f', 540, 750);
INSERT RegionBoundaries (region, x, y) VALUES ('2e5aee59-c111-3c9b-9357-c0cfb863527f', 540, 675);
INSERT RegionBoundaries (region, x, y) VALUES ('2e5aee59-c111-3c9b-9357-c0cfb863527f', 708, 675);
INSERT RegionBoundaries (region, x, y) VALUES ('2e5aee59-c111-3c9b-9357-c0cfb863527f', 708, 750);
INSERT RegionBoundaries (region, x, y) VALUES ('2e5aee59-c111-3c9b-9357-c0cfb863527f', 732, 750);
INSERT RegionBoundaries (region, x, y) VALUES ('2e5aee59-c111-3c9b-9357-c0cfb863527f', 732, 624);
INSERT RegionBoundaries (region, x, y) VALUES ('2e5aee59-c111-3c9b-9357-c0cfb863527f', 516, 624);
INSERT RegionBoundaries (region, x, y) VALUES ('fe009192-4aec-3586-acf4-253710a66b3a', 314, 380);
INSERT RegionBoundaries (region, x, y) VALUES ('fe009192-4aec-3586-acf4-253710a66b3a', 183, 380);
INSERT RegionBoundaries (region, x, y) VALUES ('fe009192-4aec-3586-acf4-253710a66b3a', 183, 410);
INSERT RegionBoundaries (region, x, y) VALUES ('fe009192-4aec-3586-acf4-253710a66b3a', 129, 410);
INSERT RegionBoundaries (region, x, y) VALUES ('fe009192-4aec-3586-acf4-253710a66b3a', 129, 985);
INSERT RegionBoundaries (region, x, y) VALUES ('fe009192-4aec-3586-acf4-253710a66b3a', 170, 985);
INSERT RegionBoundaries (region, x, y) VALUES ('fe009192-4aec-3586-acf4-253710a66b3a', 170, 1008);
INSERT RegionBoundaries (region, x, y) VALUES ('fe009192-4aec-3586-acf4-253710a66b3a', 132, 1008);
INSERT RegionBoundaries (region, x, y) VALUES ('fe009192-4aec-3586-acf4-253710a66b3a', 132, 1063);
INSERT RegionBoundaries (region, x, y) VALUES ('fe009192-4aec-3586-acf4-253710a66b3a', 332, 1063);
INSERT RegionBoundaries (region, x, y) VALUES ('fe009192-4aec-3586-acf4-253710a66b3a', 332, 756);
INSERT RegionBoundaries (region, x, y) VALUES ('fe009192-4aec-3586-acf4-253710a66b3a', 314, 756);
INSERT RegionBoundaries (region, x, y) VALUES ('d1e7f6c4-c6a0-3830-b3dc-8af07118356c', 132, 1063);
INSERT RegionBoundaries (region, x, y) VALUES ('d1e7f6c4-c6a0-3830-b3dc-8af07118356c', 282, 1063);
INSERT RegionBoundaries (region, x, y) VALUES ('d1e7f6c4-c6a0-3830-b3dc-8af07118356c', 282, 996);
INSERT RegionBoundaries (region, x, y) VALUES ('d1e7f6c4-c6a0-3830-b3dc-8af07118356c', 234, 985);
INSERT RegionBoundaries (region, x, y) VALUES ('d1e7f6c4-c6a0-3830-b3dc-8af07118356c', 170, 985);
INSERT RegionBoundaries (region, x, y) VALUES ('d1e7f6c4-c6a0-3830-b3dc-8af07118356c', 170, 1008);
INSERT RegionBoundaries (region, x, y) VALUES ('d1e7f6c4-c6a0-3830-b3dc-8af07118356c', 132, 1008);
INSERT RegionBoundaries (region, x, y) VALUES ('b7e1e777-f49f-3fb7-a5e6-5538a733081d', 332, 834);
INSERT RegionBoundaries (region, x, y) VALUES ('b7e1e777-f49f-3fb7-a5e6-5538a733081d', 332, 791);
INSERT RegionBoundaries (region, x, y) VALUES ('b7e1e777-f49f-3fb7-a5e6-5538a733081d', 234, 791);
INSERT RegionBoundaries (region, x, y) VALUES ('b7e1e777-f49f-3fb7-a5e6-5538a733081d', 234, 834);
INSERT RegionBoundaries (region, x, y) VALUES ('8a1b0e95-ffa9-351a-9a9a-8f596b4757bd', 282, 996);
INSERT RegionBoundaries (region, x, y) VALUES ('8a1b0e95-ffa9-351a-9a9a-8f596b4757bd', 332, 996);
INSERT RegionBoundaries (region, x, y) VALUES ('8a1b0e95-ffa9-351a-9a9a-8f596b4757bd', 332, 834);
INSERT RegionBoundaries (region, x, y) VALUES ('8a1b0e95-ffa9-351a-9a9a-8f596b4757bd', 234, 834);
INSERT RegionBoundaries (region, x, y) VALUES ('8a1b0e95-ffa9-351a-9a9a-8f596b4757bd', 234, 985);

INSERT Regions (id, regionName, xHome, yHome) VALUES ('1c0ec7a0-f329-3676-bcab-ac534ba2b8c6', 'StoreExit-1', 478.5, 137);
INSERT Regions (id, regionName, xHome, yHome) VALUES ('1f42ddfe-e434-360c-9ac6-352d05e11c4e', 'StoreExit-2', 763.5, 137);
INSERT Regions (id, regionName, xHome, yHome) VALUES ('2e5aee59-c111-3c9b-9357-c0cfb863527f', 'NrMainCheckout', 624, 699.75);
INSERT Regions (id, regionName, xHome, yHome) VALUES ('36c8f99a-81c8-3b86-aaa6-f2e528a011c8', 'NrTransitionToBack', 382, 812.5);
INSERT Regions (id, regionName, xHome, yHome) VALUES ('859a29fc-32dd-3a5f-8812-43e3c7ca2814', 'NearStoreExit-1', 478.5, 275);
INSERT Regions (id, regionName, xHome, yHome) VALUES ('8a1b0e95-ffa9-351a-9a9a-8f596b4757bd', 'SortingArea', 282.8, 929);
INSERT Regions (id, regionName, xHome, yHome) VALUES ('8c398284-8bc5-3cc2-a726-ea13fd1853d6', 'SalesFloor', 584.5, 551.33333333333337);
INSERT Regions (id, regionName, xHome, yHome) VALUES ('b7e1e777-f49f-3fb7-a5e6-5538a733081d', 'NrTransitionToFront', 283, 812.5);
INSERT Regions (id, regionName, xHome, yHome) VALUES ('bc2f83ad-7a19-3b25-be0b-19db2e193fed', 'NearStoreExit-2', 763.5, 275);
INSERT Regions (id, regionName, xHome, yHome) VALUES ('c7724c3a-3c04-3dc2-a354-e3212c404e46', 'FittingRoomArea', 521, 955);
INSERT Regions (id, regionName, xHome, yHome) VALUES ('d1e7f6c4-c6a0-3830-b3dc-8af07118356c', 'BackExit', 200.28571428571428, 1015.4285714285714);
INSERT Regions (id, regionName, xHome, yHome) VALUES ('e02ac29a-23e1-3e36-bff4-d3968d2b3d79', 'MainCheckout', 624, 712.5);
INSERT Regions (id, regionName, xHome, yHome) VALUES ('fe009192-4aec-3586-acf4-253710a66b3a', 'BackRoom', 210, 767);
UPDATE Regions SET storeId='1597647a-7056-3fe9-94c1-ae5c9d16d69b';

INSERT INTO RegionBoundaries VALUES ("3918b46d-91a0-392d-a703-f4502b3fd3a0", 22.3, 12); ); 
INSERT INTO RegionBoundaries VALUES ("3918b46d-91a0-392d-a703-f4502b3fd3a0", 22.3, 20); 
INSERT INTO RegionBoundaries VALUES ("3918b46d-91a0-392d-a703-f4502b3fd3a0",55.15, 20); 
INSERT INTO RegionBoundaries VALUES ("3918b46d-91a0-392d-a703-f4502b3fd3a0",55.15, 12); 
INSERT INTO RegionBoundaries VALUES ("fd99e75e-6b19-397a-8828-e90cbfaeb967", 26.52, 120.03); 
INSERT INTO RegionBoundaries VALUES ("fd99e75e-6b19-397a-8828-e90cbfaeb967",26.52, 129.03); 
INSERT INTO RegionBoundaries VALUES ("fd99e75e-6b19-397a-8828-e90cbfaeb967",35.36, 129.03); 
INSERT INTO RegionBoundaries VALUES ("fd99e75e-6b19-397a-8828-e90cbfaeb967",35.36, 120.03); 
INSERT INTO RegionBoundaries VALUES ("8371889d-f03c-33cb-99f2-3edc66cf9b0c", 68.24, 59.75); 
INSERT INTO RegionBoundaries VALUES ("8371889d-f03c-33cb-99f2-3edc66cf9b0c",57.98, 59.75); 
INSERT INTO RegionBoundaries VALUES ("8371889d-f03c-33cb-99f2-3edc66cf9b0c",57.98, 63.9); 
INSERT INTO RegionBoundaries VALUES ("8371889d-f03c-33cb-99f2-3edc66cf9b0c",50.8, 63.9); 
INSERT INTO RegionBoundaries VALUES ("8371889d-f03c-33cb-99f2-3edc66cf9b0c",50.8, 82.47); 
INSERT INTO RegionBoundaries VALUES ("8371889d-f03c-33cb-99f2-3edc66cf9b0c",45.2, 82.47); 
INSERT INTO RegionBoundaries VALUES ("8371889d-f03c-33cb-99f2-3edc66cf9b0c",45.2, 93.34); 
INSERT INTO RegionBoundaries VALUES ("8371889d-f03c-33cb-99f2-3edc66cf9b0c",50.56, 93.34); 
INSERT INTO RegionBoundaries VALUES ("8371889d-f03c-33cb-99f2-3edc66cf9b0c", 50.56, 101.2);
INSERT INTO RegionBoundaries VALUES ("8371889d-f03c-33cb-99f2-3edc66cf9b0c", 68.24, 101.2);
INSERT INTO RegionBoundaries VALUES ("f455e204-48bd-3be7-9dbb-0598bbd2d1b9", 63.51, 86.41); 
INSERT INTO RegionBoundaries VALUES ("f455e204-48bd-3be7-9dbb-0598bbd2d1b9", 68.24, 86.41); 
INSERT INTO RegionBoundaries VALUES ("f455e204-48bd-3be7-9dbb-0598bbd2d1b9", 68.24, 90.41); 
INSERT INTO RegionBoundaries VALUES ("f455e204-48bd-3be7-9dbb-0598bbd2d1b9", 63.51, 90.41); 
INSERT INTO RegionBoundaries VALUES ("85c6a19c-cf1f-328f-a5a8-6739c7cb77fd",  10.25, 123.39);
INSERT INTO RegionBoundaries VALUES ("85c6a19c-cf1f-328f-a5a8-6739c7cb77fd", 10.25, 91.92);
INSERT INTO RegionBoundaries VALUES ("85c6a19c-cf1f-328f-a5a8-6739c7cb77fd", 16.79, 91.92); 
INSERT INTO RegionBoundaries VALUES ("85c6a19c-cf1f-328f-a5a8-6739c7cb77fd",  16.79, 80.61);
INSERT INTO RegionBoundaries VALUES ("85c6a19c-cf1f-328f-a5a8-6739c7cb77fd", 41.1, 80.61); 
INSERT INTO RegionBoundaries VALUES ("85c6a19c-cf1f-328f-a5a8-6739c7cb77fd", 41.1, 87.15); 
INSERT INTO RegionBoundaries VALUES ("85c6a19c-cf1f-328f-a5a8-6739c7cb77fd",  36.75, 87.15);
INSERT INTO RegionBoundaries VALUES ("85c6a19c-cf1f-328f-a5a8-6739c7cb77fd", 36.75, 112.03);
INSERT INTO RegionBoundaries VALUES ("85c6a19c-cf1f-328f-a5a8-6739c7cb77fd", 45.79, 112.03);
INSERT INTO RegionBoundaries VALUES ("85c6a19c-cf1f-328f-a5a8-6739c7cb77fd", 45.79, 123.39);
INSERT INTO RegionBoundaries VALUES ("85c6a19c-cf1f-328f-a5a8-6739c7cb77fd", 35.36, 123.39);
INSERT INTO RegionBoundaries VALUES ("85c6a19c-cf1f-328f-a5a8-6739c7cb77fd", 35.36, 120.03);
INSERT INTO RegionBoundaries VALUES ("85c6a19c-cf1f-328f-a5a8-6739c7cb77fd",  26.52, 120.03); 
INSERT INTO RegionBoundaries VALUES ("85c6a19c-cf1f-328f-a5a8-6739c7cb77fd", 26.52, 123.39); 
INSERT INTO RegionBoundaries VALUES ("1d4f56c4-26c5-38e0-a009-9b0e984dd356", 41.1, 87.15); 
INSERT INTO RegionBoundaries VALUES ("1d4f56c4-26c5-38e0-a009-9b0e984dd356", 41.1, 80.61); 
INSERT INTO RegionBoundaries VALUES ("1d4f56c4-26c5-38e0-a009-9b0e984dd356", 32.75, 80.61); 
INSERT INTO RegionBoundaries VALUES ("1d4f56c4-26c5-38e0-a009-9b0e984dd356", 32.75, 87.15); 
INSERT INTO RegionBoundaries VALUES ("872a2bd5-2942-341b-9dd9-261a3924c06b", 45.2, 82.47); 
INSERT INTO RegionBoundaries VALUES ("872a2bd5-2942-341b-9dd9-261a3924c06b", 45.2, 87.61); 
INSERT INTO RegionBoundaries VALUES ("872a2bd5-2942-341b-9dd9-261a3924c06b", 50.8, 87.61); 
INSERT INTO RegionBoundaries VALUES ("872a2bd5-2942-341b-9dd9-261a3924c06b", 50.8, 82.47); 
INSERT INTO RegionBoundaries VALUES ("4b8de7f0-9962-389a-b56c-25063ee64274", 55.15, 14); 
INSERT INTO RegionBoundaries VALUES ("4b8de7f0-9962-389a-b56c-25063ee64274", 55.15, 23); 
INSERT INTO RegionBoundaries VALUES ("4b8de7f0-9962-389a-b56c-25063ee64274", 62.23, 23); 
INSERT INTO RegionBoundaries VALUES ("4b8de7f0-9962-389a-b56c-25063ee64274", 62.23, 14); 
INSERT INTO RegionBoundaries VALUES ("049feb31-3f28-3dcb-8369-033c17d64daf", 41.1, 80.61); 
INSERT INTO RegionBoundaries VALUES ("049feb31-3f28-3dcb-8369-033c17d64daf", 41.1, 86); 
INSERT INTO RegionBoundaries VALUES ("049feb31-3f28-3dcb-8369-033c17d64daf", 45.2, 86); 
INSERT INTO RegionBoundaries VALUES ("049feb31-3f28-3dcb-8369-033c17d64daf", 45.2, 82.47);
INSERT INTO RegionBoundaries VALUES ("049feb31-3f28-3dcb-8369-033c17d64daf", 50.8, 82.47);
INSERT INTO RegionBoundaries VALUES ("049feb31-3f28-3dcb-8369-033c17d64daf", 50.8, 74.25);
INSERT INTO RegionBoundaries VALUES ("049feb31-3f28-3dcb-8369-033c17d64daf", 39.25, 74.25);
INSERT INTO RegionBoundaries VALUES ("049feb31-3f28-3dcb-8369-033c17d64daf", 39.25, 80.61);
INSERT INTO RegionBoundaries VALUES ("b0ee53d6-007b-348b-9939-f5d49c6f02a6", 15.58, 23);
INSERT INTO RegionBoundaries VALUES ("b0ee53d6-007b-348b-9939-f5d49c6f02a6", 22.27, 23);
INSERT INTO RegionBoundaries VALUES ("b0ee53d6-007b-348b-9939-f5d49c6f02a6", 22.27, 20);
INSERT INTO RegionBoundaries VALUES ("b0ee53d6-007b-348b-9939-f5d49c6f02a6", 55.15, 20);
INSERT INTO RegionBoundaries VALUES ("b0ee53d6-007b-348b-9939-f5d49c6f02a6", 55.15, 23);
INSERT INTO RegionBoundaries VALUES ("b0ee53d6-007b-348b-9939-f5d49c6f02a6", 62.23, 23);
INSERT INTO RegionBoundaries VALUES ("b0ee53d6-007b-348b-9939-f5d49c6f02a6", 62.23, 27);
INSERT INTO RegionBoundaries VALUES ("b0ee53d6-007b-348b-9939-f5d49c6f02a6", 15.58, 27);
INSERT INTO RegionBoundaries VALUES ("bd520bc4-e097-3f97-bf87-0d36816a3e35",  10.25, 123.39); 
INSERT INTO RegionBoundaries VALUES ("bd520bc4-e097-3f97-bf87-0d36816a3e35", 26.52, 123.39); 
INSERT INTO RegionBoundaries VALUES ("bd520bc4-e097-3f97-bf87-0d36816a3e35", 26.52, 120.03); 
INSERT INTO RegionBoundaries VALUES ("bd520bc4-e097-3f97-bf87-0d36816a3e35", 35.36, 120.03); 
INSERT INTO RegionBoundaries VALUES ("bd520bc4-e097-3f97-bf87-0d36816a3e35", 35.36, 123.39); 
INSERT INTO RegionBoundaries VALUES ("bd520bc4-e097-3f97-bf87-0d36816a3e35", 45.79, 123.39); 
INSERT INTO RegionBoundaries VALUES ("bd520bc4-e097-3f97-bf87-0d36816a3e35", 45.79, 111.9);
INSERT INTO RegionBoundaries VALUES ("bd520bc4-e097-3f97-bf87-0d36816a3e35", 68.24, 111.9); 
INSERT INTO RegionBoundaries VALUES ("bd520bc4-e097-3f97-bf87-0d36816a3e35", 68.24, 10.43); 
INSERT INTO RegionBoundaries VALUES ("bd520bc4-e097-3f97-bf87-0d36816a3e35", 62.23, 10.43); 
INSERT INTO RegionBoundaries VALUES ("bd520bc4-e097-3f97-bf87-0d36816a3e35", 62.23, 14);
INSERT INTO RegionBoundaries VALUES ("bd520bc4-e097-3f97-bf87-0d36816a3e35", 55.15, 13.97);
INSERT INTO RegionBoundaries VALUES ("bd520bc4-e097-3f97-bf87-0d36816a3e35", 55.15, 12); 
INSERT INTO RegionBoundaries VALUES ("bd520bc4-e097-3f97-bf87-0d36816a3e35", 22.27, 12); 
INSERT INTO RegionBoundaries VALUES ("bd520bc4-e097-3f97-bf87-0d36816a3e35", 22.27, 13.97); 
INSERT INTO RegionBoundaries VALUES ("bd520bc4-e097-3f97-bf87-0d36816a3e35", 15.56, 13.97); 
INSERT INTO RegionBoundaries VALUES ("bd520bc4-e097-3f97-bf87-0d36816a3e35", 15.56, 10.43); 
INSERT INTO RegionBoundaries VALUES ("bd520bc4-e097-3f97-bf87-0d36816a3e35", 10.25, 10.43); 
INSERT INTO RegionBoundaries VALUES ("bd520bc4-e097-3f97-bf87-0d36816a3e35", 10.25, 67.71); 
INSERT INTO RegionBoundaries VALUES ("bd520bc4-e097-3f97-bf87-0d36816a3e35", 16.79, 67.71); 
INSERT INTO RegionBoundaries VALUES ("bd520bc4-e097-3f97-bf87-0d36816a3e35", 16.79, 91.92); 
INSERT INTO RegionBoundaries VALUES ("bd520bc4-e097-3f97-bf87-0d36816a3e35", 10.25, 91.92); 
INSERT INTO RegionBoundaries VALUES ("12e5c6dd-cb7b-33c4-9072-34d8596266d3",  63.51, 74.41); 
INSERT INTO RegionBoundaries VALUES ("12e5c6dd-cb7b-33c4-9072-34d8596266d3", 68.24, 74.41); 
INSERT INTO RegionBoundaries VALUES ("12e5c6dd-cb7b-33c4-9072-34d8596266d3", 68.24, 70.41); 
INSERT INTO RegionBoundaries VALUES ("12e5c6dd-cb7b-33c4-9072-34d8596266d3", 63.51, 70.41); 
INSERT INTO RegionBoundaries VALUES ("cdae363b-e990-310d-a65d-170a31c156c4",  63.51, 70.41); 
INSERT INTO RegionBoundaries VALUES ("cdae363b-e990-310d-a65d-170a31c156c4", 68.24, 70.41); 
INSERT INTO RegionBoundaries VALUES ("cdae363b-e990-310d-a65d-170a31c156c4", 68.24, 66.41); 
INSERT INTO RegionBoundaries VALUES ("cdae363b-e990-310d-a65d-170a31c156c4",  63.51, 66.41); 
INSERT INTO RegionBoundaries VALUES ("4c04e8b5-1ddc-373d-9e00-682c7ab508f9",  63.51, 94.42); 
INSERT INTO RegionBoundaries VALUES ("4c04e8b5-1ddc-373d-9e00-682c7ab508f9", 68.24, 94.42);
INSERT INTO RegionBoundaries VALUES ("4c04e8b5-1ddc-373d-9e00-682c7ab508f9", 68.24, 101.2);
INSERT INTO RegionBoundaries VALUES ("4c04e8b5-1ddc-373d-9e00-682c7ab508f9", 63.51, 101.2); 
INSERT INTO RegionBoundaries VALUES ("349f441a-a44b-35f2-8710-f46b0c5aaf1c",  15.56, 13.97);
INSERT INTO RegionBoundaries VALUES ("349f441a-a44b-35f2-8710-f46b0c5aaf1c", 15.56, 5); 
INSERT INTO RegionBoundaries VALUES ("349f441a-a44b-35f2-8710-f46b0c5aaf1c", 22.27, 5); 
INSERT INTO RegionBoundaries VALUES ("349f441a-a44b-35f2-8710-f46b0c5aaf1c", 22.27, 13.97); 
INSERT INTO RegionBoundaries VALUES ("3c72b62b-b5a0-3309-befb-e17df10d932c",   0, 0); 
INSERT INTO RegionBoundaries VALUES ("3c72b62b-b5a0-3309-befb-e17df10d932c", 78, 0); 
INSERT INTO RegionBoundaries VALUES ("3c72b62b-b5a0-3309-befb-e17df10d932c",  78, 133);
INSERT INTO RegionBoundaries VALUES ("3c72b62b-b5a0-3309-befb-e17df10d932c", 0, 133);
INSERT INTO RegionBoundaries VALUES ("f4888392-f900-39d8-a780-1416d4d1f2a8", 55.15, 13.97); 
INSERT INTO RegionBoundaries VALUES ("f4888392-f900-39d8-a780-1416d4d1f2a8", 62.23, 13.97); 
INSERT INTO RegionBoundaries VALUES ("f4888392-f900-39d8-a780-1416d4d1f2a8", 62.23, 5); 
INSERT INTO RegionBoundaries VALUES ("f4888392-f900-39d8-a780-1416d4d1f2a8", 55.15, 5); 
INSERT INTO RegionBoundaries VALUES ("2b636b28-a7e5-3806-a94b-d3232212a439",  30.11, 112.03);
INSERT INTO RegionBoundaries VALUES ("2b636b28-a7e5-3806-a94b-d3232212a439", 30.11, 120.03);
INSERT INTO RegionBoundaries VALUES ("2b636b28-a7e5-3806-a94b-d3232212a439", 35.11, 120.03); 
INSERT INTO RegionBoundaries VALUES ("2b636b28-a7e5-3806-a94b-d3232212a439",  35.11, 112.03); 
INSERT INTO RegionBoundaries VALUES ("9b198ab9-722a-3b80-bf04-869fb0d8ee2d",  50.8, 87.61); 
INSERT INTO RegionBoundaries VALUES ("9b198ab9-722a-3b80-bf04-869fb0d8ee2d", 50.8, 92.89); 
INSERT INTO RegionBoundaries VALUES ("9b198ab9-722a-3b80-bf04-869fb0d8ee2d", 50.56, 93.34); 
INSERT INTO RegionBoundaries VALUES ("9b198ab9-722a-3b80-bf04-869fb0d8ee2d", 45.2, 93.34); 
INSERT INTO RegionBoundaries VALUES ("9b198ab9-722a-3b80-bf04-869fb0d8ee2d", 45.2, 87.61); 
INSERT INTO RegionBoundaries VALUES ("a6f01c76-cf6e-36a8-abf3-96588dfd9130",  45.2, 86);
INSERT INTO RegionBoundaries VALUES ("a6f01c76-cf6e-36a8-abf3-96588dfd9130", 41.1, 86);
INSERT INTO RegionBoundaries VALUES ("a6f01c76-cf6e-36a8-abf3-96588dfd9130", 41.1, 87.15);
INSERT INTO RegionBoundaries VALUES ("a6f01c76-cf6e-36a8-abf3-96588dfd9130", 36.75, 87.15);
INSERT INTO RegionBoundaries VALUES ("a6f01c76-cf6e-36a8-abf3-96588dfd9130",  36.75, 112.03);
INSERT INTO RegionBoundaries VALUES ("a6f01c76-cf6e-36a8-abf3-96588dfd9130", 45.79, 112.03); 
INSERT INTO RegionBoundaries VALUES ("a6f01c76-cf6e-36a8-abf3-96588dfd9130", 45.79, 111.9);
INSERT INTO RegionBoundaries VALUES ("a6f01c76-cf6e-36a8-abf3-96588dfd9130",  68.24, 111.9);
INSERT INTO RegionBoundaries VALUES ("a6f01c76-cf6e-36a8-abf3-96588dfd9130", 68.24, 101.2);
INSERT INTO RegionBoundaries VALUES ("a6f01c76-cf6e-36a8-abf3-96588dfd9130", 50.56, 101.2);
INSERT INTO RegionBoundaries VALUES ("a6f01c76-cf6e-36a8-abf3-96588dfd9130", 50.56, 93.34);
INSERT INTO RegionBoundaries VALUES ("a6f01c76-cf6e-36a8-abf3-96588dfd9130", 45.2, 93.34);
INSERT INTO RegionBoundaries VALUES ("09e9571c-5f6b-3f52-8f5d-fa355e9ec27c", 10.25, 67.71);
INSERT INTO RegionBoundaries VALUES ("09e9571c-5f6b-3f52-8f5d-fa355e9ec27c", 10.25, 10.43);
INSERT INTO RegionBoundaries VALUES ("09e9571c-5f6b-3f52-8f5d-fa355e9ec27c", 15.56, 10.43);
INSERT INTO RegionBoundaries VALUES ("09e9571c-5f6b-3f52-8f5d-fa355e9ec27c", 15.56, 13.97);
INSERT INTO RegionBoundaries VALUES ("09e9571c-5f6b-3f52-8f5d-fa355e9ec27c", 22.27, 13.97);
INSERT INTO RegionBoundaries VALUES ("09e9571c-5f6b-3f52-8f5d-fa355e9ec27c", 22.27, 12); 
INSERT INTO RegionBoundaries VALUES ("09e9571c-5f6b-3f52-8f5d-fa355e9ec27c", 38.72, 12); 
INSERT INTO RegionBoundaries VALUES ("09e9571c-5f6b-3f52-8f5d-fa355e9ec27c", 55.15, 12); 
INSERT INTO RegionBoundaries VALUES ("09e9571c-5f6b-3f52-8f5d-fa355e9ec27c", 55.15, 14); 
INSERT INTO RegionBoundaries VALUES ("09e9571c-5f6b-3f52-8f5d-fa355e9ec27c", 62.23, 14); 
INSERT INTO RegionBoundaries VALUES ("09e9571c-5f6b-3f52-8f5d-fa355e9ec27c", 62.23, 10.43);
INSERT INTO RegionBoundaries VALUES ("09e9571c-5f6b-3f52-8f5d-fa355e9ec27c", 68.24, 10.43);
INSERT INTO RegionBoundaries VALUES ("09e9571c-5f6b-3f52-8f5d-fa355e9ec27c", 68.24, 59.75);
INSERT INTO RegionBoundaries VALUES ("09e9571c-5f6b-3f52-8f5d-fa355e9ec27c", 57.98, 59.75);
INSERT INTO RegionBoundaries VALUES ("09e9571c-5f6b-3f52-8f5d-fa355e9ec27c", 57.98, 63.9);
INSERT INTO RegionBoundaries VALUES ("09e9571c-5f6b-3f52-8f5d-fa355e9ec27c", 50.8, 63.9); 
INSERT INTO RegionBoundaries VALUES ("09e9571c-5f6b-3f52-8f5d-fa355e9ec27c", 50.8, 82.47);
INSERT INTO RegionBoundaries VALUES ("09e9571c-5f6b-3f52-8f5d-fa355e9ec27c", 45.2, 82.47);
INSERT INTO RegionBoundaries VALUES ("09e9571c-5f6b-3f52-8f5d-fa355e9ec27c", 45.2, 86);
INSERT INTO RegionBoundaries VALUES ("09e9571c-5f6b-3f52-8f5d-fa355e9ec27c", 41.1, 86); 
INSERT INTO RegionBoundaries VALUES ("09e9571c-5f6b-3f52-8f5d-fa355e9ec27c", 41.1, 80.61);
INSERT INTO RegionBoundaries VALUES ("09e9571c-5f6b-3f52-8f5d-fa355e9ec27c", 16.79, 80.61); 
INSERT INTO RegionBoundaries VALUES ("09e9571c-5f6b-3f52-8f5d-fa355e9ec27c", 16.79, 67.71);
INSERT INTO RegionBoundaries VALUES ("293dec76-56d8-36b7-88a7-9d163d2ff5f4", 63.51, 94.42);
INSERT INTO RegionBoundaries VALUES ("293dec76-56d8-36b7-88a7-9d163d2ff5f4", 68.24, 94.42);
INSERT INTO RegionBoundaries VALUES ("293dec76-56d8-36b7-88a7-9d163d2ff5f4", 68.24, 90.41);
INSERT INTO RegionBoundaries VALUES ("293dec76-56d8-36b7-88a7-9d163d2ff5f4", 63.51, 90.41); 
INSERT INTO RegionBoundaries VALUES ("99c825fe-d815-3fbf-b41b-361fceb904bf", 63.51, 82.41);
INSERT INTO RegionBoundaries VALUES ("99c825fe-d815-3fbf-b41b-361fceb904bf", 68.24, 82.41); 
INSERT INTO RegionBoundaries VALUES ("99c825fe-d815-3fbf-b41b-361fceb904bf", 68.24, 78.41);
INSERT INTO RegionBoundaries VALUES ("99c825fe-d815-3fbf-b41b-361fceb904bf", 63.51, 78.41); 
INSERT INTO RegionBoundaries VALUES ("7da68c96-09ee-3a28-a10b-b4ad9db243a7", 54.98, 96.86); 
INSERT INTO RegionBoundaries VALUES ("7da68c96-09ee-3a28-a10b-b4ad9db243a7", 54.98, 101.2); 
INSERT INTO RegionBoundaries VALUES ("7da68c96-09ee-3a28-a10b-b4ad9db243a7", 58.98, 101.2); 
INSERT INTO RegionBoundaries VALUES ("7da68c96-09ee-3a28-a10b-b4ad9db243a7", 58.98, 96.86); 
INSERT INTO RegionBoundaries VALUES ("d91f3661-8bfa-3736-a7c9-1986f48ec8fb", 54.98, 96.86); 
INSERT INTO RegionBoundaries VALUES ("d91f3661-8bfa-3736-a7c9-1986f48ec8fb", 50.56, 96.86); 
INSERT INTO RegionBoundaries VALUES ("d91f3661-8bfa-3736-a7c9-1986f48ec8fb", 50.56, 101.2); 
INSERT INTO RegionBoundaries VALUES ("d91f3661-8bfa-3736-a7c9-1986f48ec8fb", 54.98, 101.2); 
INSERT INTO RegionBoundaries VALUES ("f6c7c958-bf95-34e0-a737-d0b8935a6d02", 68.24, 59.75);
INSERT INTO RegionBoundaries VALUES ("f6c7c958-bf95-34e0-a737-d0b8935a6d02", 68.24, 66.41); 
INSERT INTO RegionBoundaries VALUES ("f6c7c958-bf95-34e0-a737-d0b8935a6d02", 63.51, 66.41); 
INSERT INTO RegionBoundaries VALUES ("f6c7c958-bf95-34e0-a737-d0b8935a6d02", 63.51, 59.75);
INSERT INTO RegionBoundaries VALUES ("54222984-8d13-31ec-b2af-b065ecf16224",  58.98, 101.2); 
INSERT INTO RegionBoundaries VALUES ("54222984-8d13-31ec-b2af-b065ecf16224", 63.51, 101.2);
INSERT INTO RegionBoundaries VALUES ("54222984-8d13-31ec-b2af-b065ecf16224", 63.51, 96.86);
INSERT INTO RegionBoundaries VALUES ("54222984-8d13-31ec-b2af-b065ecf16224", 58.98, 96.86); 
INSERT INTO RegionBoundaries VALUES ("aa0e7a9a-15e8-37fb-af2b-42ff65b7a7a4", 63.51, 78.41); 
INSERT INTO RegionBoundaries VALUES ("aa0e7a9a-15e8-37fb-af2b-42ff65b7a7a4", 68.24, 78.41); 
INSERT INTO RegionBoundaries VALUES ("aa0e7a9a-15e8-37fb-af2b-42ff65b7a7a4", 68.24, 74.41); 
INSERT INTO RegionBoundaries VALUES ("aa0e7a9a-15e8-37fb-af2b-42ff65b7a7a4", 63.51, 74.41); 
INSERT INTO RegionBoundaries VALUES ("6af707f9-f070-36e8-9d68-827c01065754", 63.51, 86.41); 
INSERT INTO RegionBoundaries VALUES ("6af707f9-f070-36e8-9d68-827c01065754", 68.24, 86.41); 
INSERT INTO RegionBoundaries VALUES ("6af707f9-f070-36e8-9d68-827c01065754", 68.24, 82.41); 
INSERT INTO RegionBoundaries VALUES ("6af707f9-f070-36e8-9d68-827c01065754", 63.51, 82.41); 
INSERT INTO RegionBoundaries VALUES ("98de871c-cf35-34cb-b93d-79bcc423e033", 63.51, 59.75); 
INSERT INTO RegionBoundaries VALUES ("98de871c-cf35-34cb-b93d-79bcc423e033", 57.98, 59.75); 
INSERT INTO RegionBoundaries VALUES ("98de871c-cf35-34cb-b93d-79bcc423e033", 57.98, 63.9); 
INSERT INTO RegionBoundaries VALUES ("98de871c-cf35-34cb-b93d-79bcc423e033", 63.51, 63.9);
INSERT INTO RegionBoundaries VALUES ("d03f5d32-9ecf-31ac-a9a4-d88a7f505ed8", 15.58, 14); 
INSERT INTO RegionBoundaries VALUES ("d03f5d32-9ecf-31ac-a9a4-d88a7f505ed8", 15.58, 23); 
INSERT INTO RegionBoundaries VALUES ("d03f5d32-9ecf-31ac-a9a4-d88a7f505ed8", 22.27, 23); 
INSERT INTO RegionBoundaries VALUES ("d03f5d32-9ecf-31ac-a9a4-d88a7f505ed8", 22.27, 14);



INSERT INTO Products (sku, deptCode, deptName, subDeptCode, subDeptName, classCode,className, subClassCode, subClassName, styleCode, styleName, price) SELECT sku, deptCode, deptName, subDeptCode, subDeptName, classCode, className, subClassCode, subClassName, styleCode, styleName, MAX(price) FROM TestProducts GROUP BY sku, deptCode, deptName, subDeptCode, subDeptName, classCode, className, subClassCode, subClassName, styleCode, styleName;
